DateTime;Meteo_VitesseVent;Meteo_Temperature;Meteo_Pression;Meteo_IntensitePluie;Meteo_Humidite;Meteo_Ensoleillement;Meteo_DirectionVent;Gen_Temp222;Gen_Temp134;Gen_Temp133
21/03/2010 00:00;1,1;12,4;1011,9;0;77,2;0;241;18,4;21,2;20,4
21/03/2010 00:01;1,2;12,4;1011,9;0;77,2;0;239;18,4;21,2;20,4
21/03/2010 00:02;2,2;12,4;1011,9;0;77,2;0;181;18,4;20,8;20,4
21/03/2010 00:03;2,4;12,4;1011,9;0;77,1;0;195;18,4;20,8;20,4
21/03/2010 00:04;3,6;12,4;1011,9;0;77;0;194;18,4;21,2;20,4
21/03/2010 00:05;3,1;12,4;1011,9;0;77;0;203;18,4;20,8;20,4
21/03/2010 00:06;1,6;12,4;1012;0;76,9;0;173;18,4;20,8;20,4
21/03/2010 00:07;1,6;12,4;1011,9;0;76,9;0;237;18,4;20,8;20,4
21/03/2010 00:08;1,5;12,4;1012;0;76,7;0;231;18,4;20,8;20,4
21/03/2010 00:09;3,8;12,4;1012;0;76,6;0;187;18,4;21,2;20,4
21/03/2010 00:10;3,7;12,4;1011,9;0;76,5;0;201;18,4;21,2;20,4
21/03/2010 00:11;1,3;12,4;1011,9;0;76,4;0;153;18,4;20,8;20,4
21/03/2010 00:12;1,3;12,4;1011,9;0;76,2;0;200;18,4;21,2;20,4
21/03/2010 00:13;0,9;12,4;1011,9;0;76,2;0;172;18,4;21,2;20,4
21/03/2010 00:14;2,1;12,4;1011,9;0;76,2;0;237;18,4;21,2;20,4
21/03/2010 00:15;1,1;12,4;1011,9;0;76,1;0;192;18,4;20,8;20,4
21/03/2010 00:16;2,4;12,4;1012;0;76,1;0;122;18,4;20,8;20,4
21/03/2010 00:17;3,1;12,4;1011,9;0;76;0;219;18,4;21,2;20,4
21/03/2010 00:18;4,9;12,4;1012;0;75,9;0;184;18,4;21,2;20,4
21/03/2010 00:19;2,6;12,4;1012;0;75,6;0;166;18,4;21,2;20,4
21/03/2010 00:20;2,7;12,4;1012;0;75,6;0;159;18,4;21,2;20,4
21/03/2010 00:21;0;12,4;1011,9;0;75,4;0;353;18,4;21,2;20,4
21/03/2010 00:22;2,7;12,4;1011,9;0;75,3;0;196;18,4;21,2;20,4
21/03/2010 00:23;3,6;12,4;1011,9;0;75,2;0;197;18,4;21,2;20,4
21/03/2010 00:24;1,4;12,4;1011,8;0;75,2;0;295;18,4;21,2;20,4
21/03/2010 00:25;5,4;12,4;1011,9;0;75,2;0;147;18,4;21,2;20,4
21/03/2010 00:26;2,2;12,4;1011,8;0;75,1;0;218;18,4;21,2;20,4
21/03/2010 00:27;0,7;12,4;1011,8;0;75;0;96;18,4;21,2;20,4
21/03/2010 00:28;2,3;12,4;1011,8;0;75;0;180;18,4;21,2;20,4
21/03/2010 00:29;2,4;12,4;1011,8;0;74,9;0;179;18,4;21,2;20,4
21/03/2010 00:30;3,8;12,4;1011,8;0;75;0;163;18,4;21,2;20,4
21/03/2010 00:31;3,4;12,4;1011,8;0;74,7;0;187;18,4;21,2;20,4
21/03/2010 00:32;2,6;12,4;1011,8;0;74,6;0;145;18,4;21,2;20,4
21/03/2010 00:33;5,4;12,4;1011,9;0;74,5;0;181;18,4;21,2;20,4
21/03/2010 00:34;2,2;12,4;1011,7;0;74,5;0;190;18,4;21,2;20,4
21/03/2010 00:35;6,5;12,4;1011,9;0;74,6;0;171;18,4;21,2;20,4
21/03/2010 00:36;4;12,4;1011,8;0;74,3;0;125;18,4;21,2;20,4
21/03/2010 00:37;1,9;12,4;1011,7;0;74,2;0;166;18,4;21,2;20,4
21/03/2010 00:38;2,6;12,4;1011,7;0;74,3;0;166;18,4;21,2;20,4
21/03/2010 00:39;2,6;12,4;1011,7;0;74,4;0;165;18,4;21,2;20,4
21/03/2010 00:40;1,4;12,4;1011,7;0;74,3;0;231;18,4;21,2;20,4
21/03/2010 00:41;4,1;12,4;1011,6;0;74,2;0;222;18,4;21,2;20,4
21/03/2010 00:42;1,7;12,4;1011,7;0;74,3;0;174;18,4;21,2;20,4
21/03/2010 00:43;6,3;12,4;1011,5;0;74,1;0;230;18,4;21,2;20,4
21/03/2010 00:44;2,6;12,4;1011,7;0;74,1;0;222;18,4;21,2;20,4
21/03/2010 00:45;3,7;12,4;1011,7;0;74;0;189;18,4;21,2;20,4
21/03/2010 00:46;0,7;12,4;1011,6;0;74;0;282;18,4;21,2;20,4
21/03/2010 00:47;2,2;12,4;1011,7;0;74,1;0;178;18,4;21,2;20,4
21/03/2010 00:48;1,2;12,4;1011,7;0;74,1;0;308;18,4;21,2;20,4
21/03/2010 00:49;1,9;12,4;1011,7;0;74,1;0;175;18,4;21,2;20,4
21/03/2010 00:50;3,6;12,4;1011,7;0;73,8;0;171;18,4;21,2;20,4
21/03/2010 00:51;1,4;12,4;1011,6;0;73,8;0;202;18,4;21,2;20,4
21/03/2010 00:52;3,4;12,4;1011,6;0;73,9;0;207;18,4;21,2;20,4
21/03/2010 00:53;0,7;12,4;1011,5;0;74;0;194;18,4;21,2;20,4
21/03/2010 00:54;0,6;12,4;1011,6;0;74,1;0;146;18,4;21,2;20,4
21/03/2010 00:55;0,7;12,4;1011,5;0;74,2;0;160;18,4;21,2;20,4
21/03/2010 00:56;2,7;12,4;1011,6;0;74;0;202;18,4;21,2;20,4
21/03/2010 00:57;2,7;12,4;1011,6;0;73,9;0;165;18,4;21,2;20,4
21/03/2010 00:58;1;12,4;1011,5;0;74;0;190;18,4;21,2;20,4
21/03/2010 00:59;7,4;12,4;1011,4;0;73,8;0;213;18,4;21,2;20,4
21/03/2010 01:00;1,9;12,4;1011,5;0;74;0;275;18,4;21,2;20,4
21/03/2010 01:01;5,7;12,4;1011,6;0;73,9;0;204;18,4;21,2;20,4
21/03/2010 01:02;1,3;12,4;1011,5;0;73,8;0;187;18,4;21,2;20,4
21/03/2010 01:03;3,1;12,4;1011,4;0;73,8;0;212;18,4;21,2;20,4
21/03/2010 01:04;3,9;12,4;1011,4;0;73,8;0;133;18,4;21,2;20,4
21/03/2010 01:05;1,4;12,4;1011,4;0;73,7;0;89;18,4;21,2;20,4
21/03/2010 01:06;3,6;12,4;1011,5;0;73,7;0;161;18,4;21,2;20,4
21/03/2010 01:07;3,8;12,4;1011,6;0;73,7;0;152;18,4;21,2;20,4
21/03/2010 01:08;2,3;12,4;1011,5;0;73,8;0;188;18,4;21,2;20,4
21/03/2010 01:09;3,3;12,4;1011,4;0;73,8;0;213;18,4;21,2;20,4
21/03/2010 01:10;4,6;12,4;1011,5;0;73,8;0;221;18,4;21,2;20,4
21/03/2010 01:11;3,5;12,4;1011,5;0;73,9;0;190;18,4;21,2;20,4
21/03/2010 01:12;2,1;12,4;1011,4;0;73,8;0;173;18,4;21,2;20,4
21/03/2010 01:13;3,8;12,4;1011,5;0;73,8;0;178;18,4;21,2;20
21/03/2010 01:14;1,3;12,4;1011,4;0;73,9;0;183;18,4;21,2;20,4
21/03/2010 01:15;2,6;12,4;1011,4;0;73,8;0;168;18,4;21,2;20
21/03/2010 01:16;3,1;12,4;1011,4;0;73,9;0;197;18,4;21,2;20
21/03/2010 01:17;4,3;12,4;1011,5;0;74;0;190;18,4;21,2;20
21/03/2010 01:18;1,1;12,4;1011,4;0;74;0;179;18,4;21,2;20
21/03/2010 01:19;3,7;12,4;1011,4;0;74;0;224;18,4;21,2;20
21/03/2010 01:20;1,7;12,4;1011,4;0;74;0;232;18,4;21,2;20
21/03/2010 01:21;0,9;12,4;1011,4;0;74;0;243;18,4;21,2;20
21/03/2010 01:22;3,3;12,4;1011,4;0;74,2;0;257;18,4;21,2;20
21/03/2010 01:23;4,7;12,4;1011,4;0;74;0;220;18,4;21,2;20
21/03/2010 01:24;3,3;12,4;1011,4;0;74;0;153;18,4;21,2;20
21/03/2010 01:25;0,7;12,4;1011,4;0;74;0;148;18,4;21,2;20
21/03/2010 01:26;3,8;12,4;1011,4;0;74;0;153;18,4;21,2;20
21/03/2010 01:27;3,1;12,4;1011,4;0;73,9;0;167;18,4;21,2;20
21/03/2010 01:28;1,4;12,4;1011,3;0;73,9;0;201;18,4;21,2;20
21/03/2010 01:29;2,2;12,4;1011,3;0;73,8;0;142;18,4;21,2;20
21/03/2010 01:30;3,5;12,4;1011,2;0;73,8;0;235;18,4;21,2;20
21/03/2010 01:31;2;12,4;1011,3;0;73,9;0;201;18,4;21,2;20
21/03/2010 01:32;1,8;12,4;1011,3;0;74;0;211;18,4;21,2;20
21/03/2010 01:33;1,8;12,4;1011,3;0;74;0;185;18,4;21,2;20
21/03/2010 01:34;3,6;12,4;1011,2;0;74,2;0;217;18,4;21,2;20
21/03/2010 01:35;3,2;12,4;1011,2;0;74,2;0;218;18,4;21,2;20
21/03/2010 01:36;1,7;12,4;1011,3;0;74,2;0;201;18,4;21,2;20
21/03/2010 01:37;2,5;12,4;1011,3;0;74,1;0;198;18,4;21,2;20
21/03/2010 01:38;3,2;12,4;1011,3;0;74;0;221;18,4;21,2;20
21/03/2010 01:39;1,7;12,4;1011,3;0;74,2;0;165;18,4;21,2;20
21/03/2010 01:40;3,5;12,4;1011,3;0;74,2;0;199;18,4;21,2;20
21/03/2010 01:41;2;12,4;1011,2;0;74,3;0;188;18,4;21,2;20
21/03/2010 01:42;0,7;12,4;1011,2;0;74,3;0;292;18,4;21,2;20
21/03/2010 01:43;1,4;12,4;1011,2;0;74,4;0;204;18,4;21,2;20
21/03/2010 01:44;1,7;12,4;1011,2;0;74,5;0;206;18,4;21,2;20
21/03/2010 01:45;2,9;12,4;1011,1;0;74,6;0;231;18,4;21,2;20
21/03/2010 01:46;1,3;12,4;1011,2;0;74,5;0;174;18,4;21,2;20
21/03/2010 01:47;1,8;12,4;1011,2;0;74,5;0;173;18,4;21,2;20
21/03/2010 01:48;2,3;12,4;1011,1;0;74,5;0;137;18,4;21,2;20
21/03/2010 01:49;0,8;12,4;1011,1;0;74,6;0;195;18,4;21,2;20
21/03/2010 01:50;3,1;12,4;1011,2;0;74,6;0;179;18,4;21,2;20
21/03/2010 01:51;2,9;12,4;1011,2;0;74,7;0;178;18,4;21,2;20
21/03/2010 01:52;1,8;12,4;1011,1;0;74,6;0;100;18,4;21,2;20
21/03/2010 01:53;3,1;12,4;1011,1;0;74,6;0;216;18,4;21,2;20
21/03/2010 01:54;3,3;12,4;1011,1;0;74,6;0;228;18,4;21,2;20
21/03/2010 01:55;2,5;12,4;1011,1;0;74,6;0;202;18,4;21,2;20
21/03/2010 01:56;1,9;12,4;1011,1;0;74,7;0;108;18,4;21,2;20
21/03/2010 01:57;1,9;12,4;1011;0;74,8;0;255;18,4;21,2;20
21/03/2010 01:58;2,1;12,4;1011,1;0;74,8;0;208;18,4;21,2;20
21/03/2010 01:59;2,5;12,4;1011,2;0;74,7;0;191;18,4;21,2;20
21/03/2010 02:00;1,4;12,4;1011,1;0;74,8;0;142;18,4;21,2;20
21/03/2010 02:01;2;12,4;1011,2;0;74,7;0;212;18,4;21,2;20
21/03/2010 02:02;3,8;12,4;1011,2;0;74,7;0;178;18,4;21,2;20
21/03/2010 02:03;5,1;12,4;1011,2;0;74,6;0;205;18,4;21,2;20
21/03/2010 02:04;1,9;12,4;1011,2;0;74,6;0;183;18,4;21,2;20
21/03/2010 02:05;2,3;12,4;1011,1;0;74,6;0;217;18,4;21,2;20
21/03/2010 02:06;0;12,4;1011,1;0;74,6;0;170;18,4;21,2;20
21/03/2010 02:07;3,1;12,4;1011,2;0;74,8;0;221;18,4;21,2;20
21/03/2010 02:08;0,9;12,4;1011,1;0;74,7;0;253;18,4;21,2;20
21/03/2010 02:09;2,4;12,4;1011,2;0;74,7;0;206;18,4;21,2;20
21/03/2010 02:10;3,6;12,4;1011,1;0;74,8;0;177;18,4;21,2;20
21/03/2010 02:11;2,8;12,4;1011,2;0;74,8;0;162;18,4;21,2;20
21/03/2010 02:12;3,1;12,4;1011,2;0;74,9;0;197;18,4;21,2;20
21/03/2010 02:13;3,2;12,4;1011,1;0;75;0;239;18,4;21,2;20
21/03/2010 02:14;5,6;12,4;1011,2;0;75;0;191;18,4;21,2;20
21/03/2010 02:15;2,7;12,4;1011,1;0;74,8;0;200;18,4;21,2;20
21/03/2010 02:16;4,9;12,4;1011,1;0;74,8;0;195;18,4;21,2;20
21/03/2010 02:17;4,8;12,4;1010,9;0;74,8;0;197;18,4;21,2;20
21/03/2010 02:18;3,9;12,4;1011;0;74,7;0;163;18,4;21,2;20
21/03/2010 02:19;1,1;12,4;1010,9;0;74,8;0;166;18,4;21,2;20
21/03/2010 02:20;4,6;12,4;1011,1;0;74,7;0;145;18,4;21,2;20
21/03/2010 02:21;2,4;12,4;1011,1;0;74,7;0;220;18,4;21,2;20
21/03/2010 02:22;4,7;12,4;1011;0;74,7;0;233;18,4;21,2;20
21/03/2010 02:23;5;12,4;1011,1;0;74,7;0;206;18,4;21,2;20
21/03/2010 02:24;3,6;12,4;1011;0;74,7;0;181;18,4;21,2;20
21/03/2010 02:25;4;12,4;1011,1;0;74,6;0;166;18,4;21,2;20
21/03/2010 02:26;3;12,4;1011;0;74,7;0;209;18,4;21,2;20
21/03/2010 02:27;2,5;12,4;1011;0;74,8;0;243;18,4;21,2;20
21/03/2010 02:28;3,8;12,4;1011;0;74,7;0;162;18,4;21,2;20
21/03/2010 02:29;4,8;12,4;1011;0;74,7;0;199;18,4;21,2;20
21/03/2010 02:30;4,6;12,4;1011;0;74,7;0;208;18,4;21,2;20
21/03/2010 02:31;2,4;12,4;1011;0;74,6;0;175;18,4;21,2;20
21/03/2010 02:32;1,8;12,4;1011;0;74,7;0;155;18,4;21,2;20
21/03/2010 02:33;2,9;12,4;1011;0;74,6;0;204;18,4;21,2;20
21/03/2010 02:34;1,6;12,4;1010,9;0;74,4;0;304;18,4;21,2;20
21/03/2010 02:35;1,3;12,4;1011;0;74,7;0;111;18,4;21,2;20
21/03/2010 02:36;1,8;12,4;1011;0;74,7;0;171;18,4;21,2;20
21/03/2010 02:37;6,3;12,4;1010,9;0;74,6;0;222;18,4;21,2;20
21/03/2010 02:38;1,7;12,4;1010,9;0;74,7;0;228;18,4;21,2;20
21/03/2010 02:39;4,7;12,4;1011;0;74,7;0;187;17,6;21,2;20
21/03/2010 02:40;1,9;12,4;1011;0;74,8;0;119;18;21,2;20
21/03/2010 02:41;3,2;12,4;1011;0;74,8;0;151;18;21,2;20
21/03/2010 02:42;1,7;12,4;1011;0;74,8;0;226;18;21,2;20
21/03/2010 02:43;2,5;12,4;1011;0;74,8;0;186;18;21,2;20
21/03/2010 02:44;2,4;12,4;1011;0;74,7;0;174;18;21,2;20
21/03/2010 02:45;4,9;12,4;1011,1;0;74,6;0;181;17,6;21,2;20
21/03/2010 02:46;4,8;12,4;1011;0;74,5;0;181;18;21,2;20
21/03/2010 02:47;1,6;12,4;1011,1;0;74,4;0;188;17,6;21,2;20
21/03/2010 02:48;3,2;12,4;1011,1;0;74,6;0;197;18;21,2;20
21/03/2010 02:49;4,5;12,4;1011,2;0;74,7;0;184;17,6;21,2;20
21/03/2010 02:50;2,7;12,4;1011,1;0;74,6;0;203;18;21,2;20
21/03/2010 02:51;2,1;12,4;1011,1;0;74,6;0;200;18;21,2;20
21/03/2010 02:52;3,7;12,4;1011,1;0;74,7;0;182;17,6;21,2;20
21/03/2010 02:53;1,7;12,4;1011,1;0;74,8;0;247;17,6;21,2;20
21/03/2010 02:54;2,7;12,4;1011,2;0;74,7;0;182;17,6;21,2;20
21/03/2010 02:55;3;12,4;1011,2;0;74,6;0;188;17,6;21,2;20
21/03/2010 02:56;5;12,4;1011,2;0;74,6;0;210;17,6;21,2;20
21/03/2010 02:57;4,1;12,4;1011,1;0;74,2;0;246;17,6;21,2;20
21/03/2010 02:58;2,5;12,4;1011,2;0;74,4;0;170;17,6;21,2;20
21/03/2010 02:59;2,7;12,4;1011,2;0;74,5;0;210;17,6;21,2;20
21/03/2010 03:00;2,4;12,4;1011,2;0;74,5;0;215;17,6;21,2;20
21/03/2010 03:01;3,2;12,4;1011,3;0;74,6;0;223;17,6;21,2;20
21/03/2010 03:02;4,5;12,4;1011,3;0;74,5;0;173;17,6;21,2;20
21/03/2010 03:03;4,6;12,4;1011,3;0;74,5;0;213;17,6;21,2;20
21/03/2010 03:04;1,8;12,4;1011,4;0;74,3;0;225;17,6;21,2;20
21/03/2010 03:05;2,4;12,4;1011,4;0;74,6;0;208;17,6;21,2;20
21/03/2010 03:06;2,1;12,4;1011,3;0;74,7;0;189;17,6;21,2;20
21/03/2010 03:07;4,1;12,4;1011,4;0;74,7;0;187;17,6;21,2;20
21/03/2010 03:08;3,5;12,4;1011,3;0;74,8;0;148;17,6;21,2;20
21/03/2010 03:09;2,7;12,4;1011,3;0;74,9;0;213;17,6;21,2;20
21/03/2010 03:10;3,7;12,4;1011,3;0;75,2;0;224;17,6;21,2;20
21/03/2010 03:11;5,4;12,4;1011,3;0;75,5;0;137;17,6;21,2;20
21/03/2010 03:12;2,9;12,4;1011,3;0;75,7;0;226;17,6;21,2;20
21/03/2010 03:13;3,6;12,4;1011,4;0;76;0;210;17,6;21,2;20
21/03/2010 03:14;2,5;12,4;1011,3;0;76,1;0;141;17,6;21,2;20
21/03/2010 03:15;3,1;12,4;1011,3;0;76,3;0;145;17,6;21,2;20
21/03/2010 03:16;1,2;12,4;1011,2;0;76,6;0;189;17,6;21,2;20
21/03/2010 03:17;2,6;12,4;1011,2;0;76,8;0;208;17,6;21,2;20
21/03/2010 03:18;2,3;12,4;1011,2;0;77;0;221;17,6;21,2;20
21/03/2010 03:19;0,9;12,4;1011,2;0;77,2;0;238;17,6;21,2;20
21/03/2010 03:20;3,3;12,4;1011,3;0;77,2;0;156;17,6;21,2;20
21/03/2010 03:21;1,1;12,4;1011,2;0;77,5;0;250;17,6;21,2;20
21/03/2010 03:22;1,5;12,4;1011,2;0;77,6;0;205;17,6;21,2;20
21/03/2010 03:23;2,6;12,4;1011,2;0;77,8;0;138;17,6;21,2;20
21/03/2010 03:24;2,8;12,4;1011,2;0;77,9;0;192;17,6;21,2;20
21/03/2010 03:25;2,4;12,4;1011,2;0;77,9;0;169;17,6;21,2;20
21/03/2010 03:26;3,1;12,4;1011,2;0;78,3;0;203;17,6;21,2;20
21/03/2010 03:27;1,6;12,4;1011,1;0;78,5;0;166;17,6;21,2;20
21/03/2010 03:28;5,2;12,4;1011,1;0;78,7;0;212;17,6;21,2;20
21/03/2010 03:29;4,7;12,4;1011,1;0;78,9;0;195;17,6;21,2;20
21/03/2010 03:30;0;12,4;1011;0;79,3;0;185;17,6;21,2;20
21/03/2010 03:31;2,8;12;1011,1;0;79,5;0;172;17,6;21,2;20
21/03/2010 03:32;2,2;12;1011;0;79,4;0;218;17,6;21,2;20
21/03/2010 03:33;2,8;12;1011,1;0;79,5;0;201;17,6;21,2;20
21/03/2010 03:34;2,7;12;1011,1;0;79,7;0;168;17,6;21,2;20
21/03/2010 03:35;2,1;12;1011;0;79,9;0;178;17,6;21,2;20
21/03/2010 03:36;3,3;12;1011,1;0;80,1;0;190;17,6;21,2;20
21/03/2010 03:37;1,8;12;1011,1;0;80,5;0;158;17,6;21,2;20
21/03/2010 03:38;4,2;12;1011,1;0;80,7;0;134;17,6;21,2;20
21/03/2010 03:39;2;12;1011;0;80,8;0;230;17,6;21,2;20
21/03/2010 03:40;1,8;12;1011;0;81,1;0;202;17,6;21,2;20
21/03/2010 03:41;2;12;1011,1;0;81,5;0;234;17,6;21,2;20
21/03/2010 03:42;1,7;12;1011;0;81,7;0;151;17,6;21,2;20
21/03/2010 03:43;2,8;12;1011;0;81,8;0;218;17,6;21,2;20
21/03/2010 03:44;4,1;12;1010,9;0;81,9;0;222;17,6;21,2;20
21/03/2010 03:45;1;12;1010,9;0;82;0;196;17,6;21,2;20
21/03/2010 03:46;1,4;12;1010,9;0;82,2;0;167;17,6;21,2;20
21/03/2010 03:47;1,7;12;1010,9;0;82,5;0;216;17,6;21,2;20
21/03/2010 03:48;1,2;12;1010,8;0;82,5;0;255;17,6;21,2;20
21/03/2010 03:49;5,5;12;1010,8;0;82,5;0;226;17,6;21,2;20
21/03/2010 03:50;1,7;12;1010,8;0;82,7;0;227;17,6;21,2;20
21/03/2010 03:51;1,4;12;1010,8;0;82,8;0;172;17,6;21,2;20
21/03/2010 03:52;2,2;12;1010,9;0;82,9;0;99;17,6;21,2;20
21/03/2010 03:53;4,4;12;1011;0;82,9;0;166;17,6;21,2;20
21/03/2010 03:54;0,7;12;1010,9;0;83;0;210;17,6;21,2;20
21/03/2010 03:55;1,9;12;1011;0;83;0;199;17,6;21,2;20
21/03/2010 03:56;3;12;1010,9;0;83;0;226;17,6;21,2;20
21/03/2010 03:57;2;12;1011;0;83;0;182;17,6;21,2;20
21/03/2010 03:58;0,9;12;1011;0;82,9;0;230;17,6;21,2;20
21/03/2010 03:59;0,8;12;1011;0;82,9;0;327;17,6;21,2;20
21/03/2010 04:00;1,7;12;1011;0;82,9;0;155;17,6;21,2;20
21/03/2010 04:01;1,8;12;1011;0;82,6;0;129;17,6;21,2;20
21/03/2010 04:02;2,5;12;1011;0;82,6;0;205;17,6;21,2;20
21/03/2010 04:03;2;12;1011;0;82,6;0;206;17,6;21,2;20
21/03/2010 04:04;1,4;12;1011;0;82,6;0;155;17,6;21,2;20
21/03/2010 04:05;1,5;12;1011,1;0;82,4;0;166;17,6;21,2;20
21/03/2010 04:06;0;12;1011,1;0;82,4;0;214;17,6;21,2;20
21/03/2010 04:07;1,7;12;1011,1;0;82,4;0;180;17,6;21,2;20
21/03/2010 04:08;3,4;12;1011,1;0;82,4;0;159;17,6;21,2;20
21/03/2010 04:09;1,2;12;1011,1;0;82,3;0;162;17,6;21,2;20
21/03/2010 04:10;2,5;12;1011,2;0;82,3;0;176;17,6;21,2;20
21/03/2010 04:11;2,1;12;1011,1;0;82,3;0;109;17,6;21,2;20
21/03/2010 04:12;0,7;12;1011,1;0;82,3;0;246;17,6;21,2;20
21/03/2010 04:13;2;12;1011,1;0;82,3;0;177;17,6;21,2;20
21/03/2010 04:14;0,8;12;1011,2;0;82,3;0;208;17,6;21,2;20
21/03/2010 04:15;2,7;12;1011,2;0;82,3;0;170;17,6;21,2;20
21/03/2010 04:16;2,4;12;1011,2;0;82,3;0;105;17,6;21,2;20
21/03/2010 04:17;0,8;12;1011,2;0;82,4;0;180;17,6;21,2;20
21/03/2010 04:18;0,5;12;1011,2;0;82,4;0;191;17,6;21,2;20
21/03/2010 04:19;2,9;12;1011,3;0;82,3;0;189;17,6;21,2;20
21/03/2010 04:20;1,4;12;1011,2;0;82,2;0;135;17,6;21,2;20
21/03/2010 04:21;3,9;12;1011,2;0;82,3;0;123;17,6;21,2;20
21/03/2010 04:22;2,1;12;1011,2;0;82,2;0;200;17,6;21,2;20
21/03/2010 04:23;1;12;1011,2;0;82,2;0;137;17,6;21,2;20
21/03/2010 04:24;0,5;12;1011,2;0;82,1;0;177;17,6;21,2;20
21/03/2010 04:25;1,4;12;1011,2;0;82;0;135;17,6;21,2;20
21/03/2010 04:26;2,1;12;1011,1;0;81,9;0;188;17,6;21,2;20
21/03/2010 04:27;2,2;12;1011,2;0;81,9;0;122;17,6;21,2;20
21/03/2010 04:28;2,1;12;1011,2;0;81,9;0;223;17,6;21,2;20
21/03/2010 04:29;1,5;12;1011,2;0;81,9;0;174;17,6;21,2;20
21/03/2010 04:30;2,8;12;1011,2;0;81,9;0;164;17,6;21,2;20
21/03/2010 04:31;2,7;12;1011,2;0;81,9;0;153;17,6;21,2;20
21/03/2010 04:32;0,9;12;1011,2;0;81,9;0;255;17,6;21,2;20
21/03/2010 04:33;1,1;12;1011,2;0;82;0;231;17,6;21,2;20
21/03/2010 04:34;0,7;12;1011,2;0;82;0;94;17,6;21,2;20
21/03/2010 04:35;0,9;12;1011,2;0;82;0;187;17,6;21,2;20
21/03/2010 04:36;1,5;12;1011,2;0;82;0;159;17,6;21,2;20
21/03/2010 04:37;2,6;12;1011,2;0;82,1;0;171;17,6;21,2;20
21/03/2010 04:38;1,3;12;1011,2;0;82;0;143;17,6;21,2;20
21/03/2010 04:39;0,8;12;1011,1;0;82,2;0;210;17,6;21,2;20
21/03/2010 04:40;2,4;12;1011,2;0;82,2;0;188;17,6;21,2;20
21/03/2010 04:41;2,1;12;1011,2;0;82,4;0;173;17,6;21,2;20
21/03/2010 04:42;2,4;12;1011,2;0;82,4;0;187;17,6;21,2;20
21/03/2010 04:43;1,6;12;1011,1;0;82,5;0;209;17,6;21,2;20
21/03/2010 04:44;1,8;12;1011,1;0;82,6;0;127;17,6;21,2;20
21/03/2010 04:45;2,7;12;1011,2;0;82,7;0;177;17,6;21,2;20
21/03/2010 04:46;1,4;12;1011,2;0;82,7;0;157;17,6;21,2;20
21/03/2010 04:47;2,6;12;1011,1;0;82,6;0;126;17,6;21,2;20
21/03/2010 04:48;2,2;12;1011,2;0;82,6;0;147;17,6;21,2;20
21/03/2010 04:49;1,2;12;1011,2;0;82,6;0;246;17,6;21,2;20
21/03/2010 04:50;1,5;12;1011,2;0;82,6;0;191;17,6;21,2;20
21/03/2010 04:51;2,5;12;1011,2;0;82,6;0;130;17,6;21,2;20
21/03/2010 04:52;0,8;12;1011,1;0;82,6;0;179;17,6;21,2;20
21/03/2010 04:53;1,1;12;1011,1;0;82,5;0;136;17,6;21,2;20
21/03/2010 04:54;2,8;12;1011,1;0;82,5;0;240;17,6;21,2;20
21/03/2010 04:55;1,1;12;1011,2;0;82,4;0;117;17,6;21,2;20
21/03/2010 04:56;2,6;12;1011,2;0;82,3;0;213;17,6;21,2;20
21/03/2010 04:57;1,3;12,4;1011,2;0;82,2;0;92;17,6;21,2;20
21/03/2010 04:58;3,3;12,4;1011,2;0;82;0;206;17,6;21,2;20
21/03/2010 04:59;2,4;12,4;1011,3;0;81,9;0;123;17,6;21,2;20
21/03/2010 05:00;2;12,4;1011,2;0;81,8;0;164;17,6;21,2;20
21/03/2010 05:01;1;12,4;1011,3;0;81,8;0;177;17,6;21,2;20
21/03/2010 05:02;1;12,4;1011,2;0;81,6;0;180;17,6;21,2;20
21/03/2010 05:03;1,1;12,4;1011,2;0;81,7;0;237;17,6;21,2;20
21/03/2010 05:04;4,9;12,4;1011,3;0;81,7;0;132;17,6;21,2;20
21/03/2010 05:05;1,9;12,4;1011,2;0;81,6;0;186;17,6;21,2;20
21/03/2010 05:06;2,2;12,4;1011,2;0;81,5;0;174;17,6;21,2;20
21/03/2010 05:07;2,5;12,4;1011,3;0;81,5;0;210;17,6;21,2;20
21/03/2010 05:08;0,9;12,4;1011,2;0;81,6;0;229;17,6;21,2;20
21/03/2010 05:09;4,3;12,4;1011,3;0;81,6;0;179;17,6;21,2;20
21/03/2010 05:10;1,7;12,4;1011,3;0;81,5;0;196;17,6;21,2;20
21/03/2010 05:11;2,3;12,4;1011,2;0;81,6;0;262;17,6;21,2;20
21/03/2010 05:12;1,3;12,4;1011,3;0;81,6;0;148;17,6;21,2;20
21/03/2010 05:13;2,5;12,4;1011,3;0;81,6;0;186;17,6;21,2;20
21/03/2010 05:14;2,5;12,4;1011,2;0;81,5;0;246;17,6;21,2;20
21/03/2010 05:15;3,1;12,4;1011,3;0;81,7;0;209;17,6;21,2;20
21/03/2010 05:16;2,3;12,4;1011,2;0;81,7;0;178;17,6;21,2;20
21/03/2010 05:17;3,6;12,4;1011,3;0;81,6;0;178;17,6;21,2;20
21/03/2010 05:18;2,1;12,4;1011,2;0;81,6;0;212;17,6;21,2;20
21/03/2010 05:19;1,4;12,4;1011,2;0;81,7;0;177;17,6;21,2;20
21/03/2010 05:20;1,9;12,4;1011,3;0;81,7;0;195;17,6;21,2;20
21/03/2010 05:21;2,4;12,4;1011,1;0;81,7;0;143;17,6;21,2;20
21/03/2010 05:22;1,2;12,4;1011,2;0;81,7;0;126;17,6;21,2;20
21/03/2010 05:23;1,4;12,4;1011,2;0;81,7;0;203;17,6;21,2;20
21/03/2010 05:24;2,2;12,4;1011,2;0;81,7;0;140;17,6;21,2;20
21/03/2010 05:25;2,2;12,4;1011,1;0;81,7;0;272;17,6;21,2;20
21/03/2010 05:26;1,3;12,4;1011,2;0;81,7;0;168;17,6;21,2;20
21/03/2010 05:27;0,7;12,4;1011,2;0;81,7;0;271;17,6;21,2;20
21/03/2010 05:28;2,4;12,4;1011,2;0;81,8;0;156;17,6;21,2;20
21/03/2010 05:29;1,5;12,4;1011,2;0;81,7;0;231;17,6;21,2;20
21/03/2010 05:30;1,3;12,4;1011,3;0;81,8;0;225;17,6;21,2;20
21/03/2010 05:31;0,8;12,4;1011,3;0;81,9;0;236;17,6;21,2;20
21/03/2010 05:32;2,7;12,4;1011,3;0;81,9;0;229;17,6;21,2;20
21/03/2010 05:33;1,9;12,4;1011,3;0;82;0;207;17,6;21,2;20
21/03/2010 05:34;1,6;12,4;1011,3;0;82;0;107;17,6;21,2;20
21/03/2010 05:35;1,2;12,4;1011,3;0;82,1;0;149;17,6;21,2;20
21/03/2010 05:36;2,2;12,4;1011,3;0;82,2;0;187;17,6;21,2;20
21/03/2010 05:37;1,5;12,4;1011,3;0;82,2;0;97;17,6;21,2;20
21/03/2010 05:38;0,9;12,4;1011,3;0;82,3;0;265;17,6;21,2;20
21/03/2010 05:39;1,2;12,4;1011,4;0;82,3;0;251;17,6;21,2;20
21/03/2010 05:40;1,8;12,4;1011,4;0;82,3;0;212;17,6;21,2;20
21/03/2010 05:41;1;12,4;1011,4;0;82,4;0;88;17,6;21,2;20
21/03/2010 05:42;2,4;12,4;1011,4;0;82,4;0;185;17,6;21,2;20
21/03/2010 05:43;3,7;12,4;1011,5;0;82,5;0;172;17,6;21,2;20
21/03/2010 05:44;4,8;12,4;1011,3;0;82,4;0;216;17,6;20,8;20
21/03/2010 05:45;2,2;12,4;1011,4;0;82,4;0;200;17,6;20,8;20
21/03/2010 05:46;4,6;12,4;1011,5;0;82,5;0;131;17,6;20,8;20
21/03/2010 05:47;2,2;12,4;1011,5;0;82,5;0;171;17,6;20,8;20
21/03/2010 05:48;3,4;12,4;1011,5;0;82,5;0;148;17,6;20,8;20
21/03/2010 05:49;2,3;12,4;1011,4;0;82,6;0;215;17,6;20,8;20
21/03/2010 05:50;1,3;12,4;1011,4;0;82,6;0;210;17,6;20,4;20
21/03/2010 05:51;1,2;12,4;1011,4;0;82,6;0;213;17,6;20,8;20
21/03/2010 05:52;2,5;12,4;1011,5;0;82,6;0;204;17,6;20,4;20
21/03/2010 05:53;1,2;12,4;1011,4;0;82,5;0;213;17,6;20,8;20
21/03/2010 05:54;3,7;12,4;1011,5;0;82,4;0;143;17,6;20,8;20
21/03/2010 05:55;3;12,4;1011,4;0;82,4;0;229;17,6;20,4;20
21/03/2010 05:56;1,8;12,4;1011,5;0;82,6;0;196;17,6;20,8;20
21/03/2010 05:57;2,5;12,4;1011,5;0;82,5;0;172;17,6;20,8;20
21/03/2010 05:58;1,9;12,4;1011,5;0;82,5;0;239;17,6;20,4;20
21/03/2010 05:59;5,6;12,4;1011,6;0;82,4;0;155;17,6;20,4;20
21/03/2010 06:00;2,4;12,4;1011,4;0;82,4;0;112;17,6;20,4;20
21/03/2010 06:01;1,7;12,4;1011,6;0;82,5;0;173;17,6;20,8;20
21/03/2010 06:02;2,6;12,4;1011,6;0;82,5;0;171;17,6;20,4;20
21/03/2010 06:03;1,6;12,4;1011,5;0;82,6;0;183;17,6;20,4;20
21/03/2010 06:04;1;12,4;1011,5;0;82,6;0;128;17,6;20,4;20
21/03/2010 06:05;0,8;12;1011,5;0;82,6;0;194;17,6;20,4;20
21/03/2010 06:06;1,6;12;1011,5;0;82,6;0;118;17,6;20,4;20
21/03/2010 06:07;3,6;12;1011,5;0;82,6;0;183;17,6;20,4;20
21/03/2010 06:08;1,6;12;1011,5;0;82,5;0;226;17,6;20,4;20
21/03/2010 06:09;1,4;12;1011,5;0;82,6;0;252;17,6;20,4;20
21/03/2010 06:10;1,4;12;1011,5;0;82,6;0;188;17,6;20,4;20
21/03/2010 06:11;1,3;12;1011,6;0;82,6;0;198;17,6;20,4;20
21/03/2010 06:12;3,3;12;1011,6;0;82,6;0;155;17,6;20,4;20
21/03/2010 06:13;1,9;12;1011,5;0;82,5;0;169;17,6;20,4;20
21/03/2010 06:14;2,6;12;1011,5;0;82,5;0;212;17,6;20,4;20
21/03/2010 06:15;0;12;1011,5;0;82,5;0;250;17,6;20,4;20
21/03/2010 06:16;1,1;12;1011,6;0;82,5;0;181;17,6;20,4;20
21/03/2010 06:17;1,8;12;1011,5;0;82,5;0;182;17,6;20,4;20
21/03/2010 06:18;3;12;1011,5;0;82,4;0;127;17,6;20,4;20
21/03/2010 06:19;1,4;12;1011,6;0;82,4;0;202;17,6;20,4;20
21/03/2010 06:20;4,1;12;1011,5;0;82,5;0;242;17,6;20,4;20
21/03/2010 06:21;1,8;12;1011,6;0;82,5;1;204;17,6;20,4;20
21/03/2010 06:22;1,3;12;1011,6;0;82,5;1;194;17,6;20,4;20
21/03/2010 06:23;2;12;1011,6;0;82,5;1;197;17,6;20,4;20
21/03/2010 06:24;6,5;12;1011,7;0;82,2;1;182;17,6;20,4;20
21/03/2010 06:25;1,4;12;1011,5;0;82,2;1;199;17,6;20,4;20
21/03/2010 06:26;0,9;12;1011,6;0;82,3;1;164;17,6;20,4;20
21/03/2010 06:27;3,4;12;1011,5;0;82,2;1;229;17,6;20,4;20
21/03/2010 06:28;4,4;12;1011,6;0;82,1;1;143;17,6;20,4;20
21/03/2010 06:29;3,1;12;1011,6;0;82,2;1;194;17,6;20,4;20
21/03/2010 06:30;1,6;12;1011,6;0;82,1;1;210;17,6;20,4;20
21/03/2010 06:31;2,9;12;1011,6;0;82,1;1;146;17,6;20,4;20
21/03/2010 06:32;1,5;12;1011,6;0;82,1;2;228;17,6;20,4;20
21/03/2010 06:33;2,8;12;1011,6;0;82,1;2;174;17,6;20,4;20
21/03/2010 06:34;0,6;12;1011,6;0;82,1;2;323;17,6;20,4;20
21/03/2010 06:35;1,1;12;1011,6;0;82,1;2;235;17,6;20,4;20
21/03/2010 06:36;1,9;12;1011,6;0;82,1;2;190;17,6;20,4;20
21/03/2010 06:37;1,2;12;1011,7;0;82,1;2;198;17,6;20,4;20
21/03/2010 06:38;0,6;12;1011,7;0;82,1;2;220;17,6;20,4;20
21/03/2010 06:39;2,2;12;1011,7;0;82,1;3;136;17,6;20,4;20
21/03/2010 06:40;1,7;12;1011,7;0;82;3;201;17,6;20,4;20
21/03/2010 06:41;1,3;12;1011,7;0;81,9;3;154;17,6;20,4;20
21/03/2010 06:42;2,9;12;1011,8;0;81,8;4;156;17,6;20,4;20
21/03/2010 06:43;0,9;12;1011,7;0;81,8;4;236;17,6;20,4;20
21/03/2010 06:44;1,5;12;1011,8;0;81,8;5;144;17,6;20,4;20
21/03/2010 06:45;1;12;1011,8;0;81,8;5;165;17,6;20,4;20
21/03/2010 06:46;0,9;12;1011,7;0;81,8;6;147;17,6;20,4;20
21/03/2010 06:47;2,1;12;1011,8;0;81,8;7;186;17,6;20,4;20
21/03/2010 06:48;1,2;12;1011,8;0;81,8;7;189;17,6;20,4;19,6
21/03/2010 06:49;0,6;12;1011,8;0;81,9;8;264;17,6;20,4;20
21/03/2010 06:50;1,8;12;1011,8;0;81,8;9;205;17,6;20,4;20
21/03/2010 06:51;1,4;12;1011,7;0;81,9;9;217;17,6;20,4;19,6
21/03/2010 06:52;1,5;12;1011,8;0;81,9;10;189;17,6;20,4;19,6
21/03/2010 06:53;3,5;12;1011,7;0;81,9;11;170;17,6;20,4;19,6
21/03/2010 06:54;2,7;12;1011,8;0;81,8;12;230;17,6;20,4;20
21/03/2010 06:55;3,8;12;1011,9;0;81,8;12;142;17,6;20,4;20
21/03/2010 06:56;1,1;12;1011,8;0;81,8;12;86;17,6;20,4;20
21/03/2010 06:57;1,8;12;1011,9;0;81,8;12;183;17,6;20,4;20
21/03/2010 06:58;1,3;12;1011,9;0;81,7;13;245;17,6;20,4;20
21/03/2010 06:59;0;12;1011,9;0;81,7;14;278;17,6;20,4;19,6
21/03/2010 07:00;0,5;12;1011,9;0;81,7;14;229;17,6;20,4;19,6
21/03/2010 07:01;1,2;12;1012;0;81,7;14;196;17,6;20,4;19,6
21/03/2010 07:02;0,8;12;1012;0;81,6;15;201;17,6;20,4;19,6
21/03/2010 07:03;1,3;12;1012;0;81,5;16;255;17,6;20,4;19,6
21/03/2010 07:04;1,9;12;1012;0;81,3;17;240;17,6;20,4;19,6
21/03/2010 07:05;1,5;12;1012;0;81,3;17;289;17,6;20,4;19,6
21/03/2010 07:06;0,8;12;1012;0;81,2;18;219;17,6;20,4;19,6
21/03/2010 07:07;2,4;12;1012,1;0;81,2;20;180;17,6;20,4;19,6
21/03/2010 07:08;1,2;12;1012;0;81,1;20;129;17,6;20,4;19,6
21/03/2010 07:09;0,5;12;1012;0;81;21;90;17,6;20,4;19,6
21/03/2010 07:10;0,5;12;1012;0;80,9;23;181;17,6;20,4;20
21/03/2010 07:11;0,7;12;1012;0;80,8;23;333;17,6;20,4;20
21/03/2010 07:12;1,4;12;1012,1;0;80,7;22;171;17,6;20,4;19,6
21/03/2010 07:13;1,3;12;1012,1;0;80,5;23;215;17,6;20,4;19,6
21/03/2010 07:14;0;12;1012,1;0;80,5;23;325;17,6;20,4;20
21/03/2010 07:15;1,8;12,4;1012,1;0;80,5;22;252;17,6;20,4;19,6
21/03/2010 07:16;1,6;12,4;1012,1;0;80,3;20;216;17,6;20,4;19,6
21/03/2010 07:17;1,9;12,4;1012,1;0;80,3;19;159;17,6;20,4;20
21/03/2010 07:18;1;12,4;1012,1;0;80,2;18;204;17,6;20,4;19,6
21/03/2010 07:19;1,7;12,4;1012,2;0;80,2;18;177;17,6;20,4;19,6
21/03/2010 07:20;1,7;12,4;1012,1;0;80,2;17;99;17,6;20,4;19,6
21/03/2010 07:21;2;12,4;1012,1;0;80,1;17;115;17,6;20,4;19,6
21/03/2010 07:22;2;12,4;1012,1;0;79,9;17;194;17,6;20,4;19,6
21/03/2010 07:23;0,8;12,4;1012,1;0;79,9;17;226;17,6;20,4;19,6
21/03/2010 07:24;1,3;12,4;1012,2;0;79,9;17;158;17,6;20,4;19,6
21/03/2010 07:25;1,6;12,4;1012,2;0;79,8;16;151;17,6;20,4;19,6
21/03/2010 07:26;1,6;12,4;1012,1;0;79,7;16;66;17,6;20,4;20
21/03/2010 07:27;1,4;12,4;1012,2;0;79,5;15;153;17,6;20,4;19,6
21/03/2010 07:28;1,1;12,4;1012,2;0;79,4;15;189;17,6;20,4;19,6
21/03/2010 07:29;1,3;12,4;1012,2;0;79,2;16;186;17,6;20,4;19,6
21/03/2010 07:30;1,5;12,4;1012,3;0;79,2;17;211;17,6;20,4;19,6
21/03/2010 07:31;0,9;12,4;1012,2;0;79,1;16;115;17,6;20,4;19,6
21/03/2010 07:32;3,1;12,4;1012,3;0;79,1;15;139;17,6;20,4;19,6
21/03/2010 07:33;1,7;12,4;1012,3;0;79;14;132;17,6;20,4;19,6
21/03/2010 07:34;1,5;12,4;1012,3;0;78,9;15;200;17,6;20,4;19,6
21/03/2010 07:35;1,8;12,4;1012,3;0;78,8;16;148;17,6;20,4;19,6
21/03/2010 07:36;4,1;12,4;1012,3;0;78,7;18;157;17,6;20,4;19,6
21/03/2010 07:37;1,1;12,4;1012,4;0;78,6;20;198;17,6;20,4;19,6
21/03/2010 07:38;1,5;12,4;1012,4;0;78,6;21;224;17,6;20,4;19,6
21/03/2010 07:39;1,6;12,4;1012,4;0;78,6;21;133;17,6;20,4;19,6
21/03/2010 07:40;1,5;12,4;1012,4;0;78,5;20;183;17,6;20,4;19,6
21/03/2010 07:41;0,5;12,4;1012,4;0;78,5;20;140;17,6;20,4;19,6
21/03/2010 07:42;0,8;12,4;1012,3;0;78,5;21;41;17,6;20,4;19,6
21/03/2010 07:43;0,7;12,4;1012,4;0;78,5;22;207;17,6;20,4;19,6
21/03/2010 07:44;2,4;12,4;1012,4;0;78,5;25;130;17,6;20,4;19,6
21/03/2010 07:45;0,7;12,4;1012,4;0;78,5;26;122;17,6;20,4;19,6
21/03/2010 07:46;2;12,4;1012,4;0;78,4;26;212;17,6;20,4;19,6
21/03/2010 07:47;0,9;12,4;1012,5;0;78,5;25;219;17,6;20,4;19,6
21/03/2010 07:48;2,3;12,4;1012,5;0;78,5;24;279;17,6;20,4;19,6
21/03/2010 07:49;1,8;12,4;1012,5;0;78,5;23;230;17,6;20,4;19,6
21/03/2010 07:50;1,6;12,4;1012,5;0;78,5;24;173;17,6;20,4;19,6
21/03/2010 07:51;1,6;12,4;1012,5;0;78,6;25;150;17,6;20,4;19,6
21/03/2010 07:52;0,7;12,4;1012,4;0;78,6;27;104;17,6;20,4;19,6
21/03/2010 07:53;1,6;12,4;1012,5;0;78,6;25;188;17,6;20,4;19,6
21/03/2010 07:54;0,9;12,4;1012,5;0;78,7;23;195;17,6;20,4;19,6
21/03/2010 07:55;2,2;12,4;1012,5;0;78,7;21;166;17,6;20,4;19,6
21/03/2010 07:56;2,6;12,4;1012,5;0;78,7;21;241;17,6;20,4;19,6
21/03/2010 07:57;1,5;12,4;1012,6;0;78,7;21;169;17,6;20,4;19,6
21/03/2010 07:58;1,8;12,4;1012,6;0;78,6;23;208;17,6;20,4;19,6
21/03/2010 07:59;0;12,4;1012,6;0;78,7;24;210;17,6;20,4;19,6
21/03/2010 08:00;2,2;12,4;1012,6;0;78,7;25;235;17,6;20,4;19,6
21/03/2010 08:01;2;12,4;1012,7;0;78,7;28;185;17,6;20,4;19,6
21/03/2010 08:02;0,6;12,4;1012,6;0;78,7;29;150;17,6;20,4;19,6
21/03/2010 08:03;0,7;12,4;1012,6;0;78,7;29;262;17,6;20,4;19,6
21/03/2010 08:04;1,1;12,4;1012,6;0;78,8;28;92;17,6;20,4;19,6
21/03/2010 08:05;0,6;12,4;1012,7;0;78,8;27;106;17,6;20,4;19,6
21/03/2010 08:06;0,6;12,4;1012,7;0;78,8;26;76;17,6;20,4;19,6
21/03/2010 08:07;0,8;12,4;1012,7;0;78,7;26;129;17,6;20,4;19,6
21/03/2010 08:08;0,7;12,4;1012,7;0;78,5;27;263;17,6;20,4;19,6
21/03/2010 08:09;0,8;12,4;1012,7;0;78,4;32;177;17,6;20,4;19,6
21/03/2010 08:10;1,8;12,4;1012,8;0;78,3;36;238;17,6;20,4;19,6
21/03/2010 08:11;0;12,4;1012,8;0;78,1;37;246;17,6;20,4;19,6
21/03/2010 08:12;1,3;12,4;1012,8;0;78,1;39;269;17,6;20,4;19,6
21/03/2010 08:13;1,3;12,4;1012,8;0;77,7;39;227;17,6;20,4;19,6
21/03/2010 08:14;1,2;12,8;1012,9;0;77,5;42;251;17,6;20,4;19,6
21/03/2010 08:15;1,1;12,8;1012,9;0;77,4;41;196;17,6;20,4;19,6
21/03/2010 08:16;3,1;12,8;1013;0;77;37;185;17,6;20,4;19,6
21/03/2010 08:17;1,4;12,8;1013;0;76,9;32;192;17,6;20,4;19,6
21/03/2010 08:18;2,4;12,8;1012,9;0;76,7;39;207;17,6;20,4;19,6
21/03/2010 08:19;1,5;12,8;1013;0;76,6;45;173;17,6;20,4;19,6
21/03/2010 08:20;3,6;12,8;1013;0;76,1;44;225;17,6;20,4;19,6
21/03/2010 08:21;0;12,8;1013;0;76,1;46;185;17,6;20,4;19,6
21/03/2010 08:22;1,6;12,8;1013;0;76;50;185;17,6;20,4;19,6
21/03/2010 08:23;0,9;12,8;1013;0;75,8;49;11;17,6;20,4;19,6
21/03/2010 08:24;1,2;12,8;1013;0;75,7;46;328;17,6;20,4;19,6
21/03/2010 08:25;1;12,8;1013;0;75,5;39;197;17,6;20,4;19,6
21/03/2010 08:26;4,7;12,8;1013,1;0;75,5;40;221;17,6;20,4;19,6
21/03/2010 08:27;2,8;12,8;1012,9;0;74,8;43;260;17,6;20,4;19,6
21/03/2010 08:28;1,8;12,8;1013;0;74,7;41;264;17,6;20,4;19,6
21/03/2010 08:29;1,1;12,8;1013;0;74,7;34;254;17,6;20,4;19,6
21/03/2010 08:30;1,7;12,8;1013;0;74,7;35;76;17,6;20,4;19,6
21/03/2010 08:31;1,4;12,8;1013,1;0;74,5;35;266;17,6;20,4;19,6
21/03/2010 08:32;2,7;12,8;1013,1;0;74;37;186;17,6;20,4;19,6
21/03/2010 08:33;0;12,8;1013;0;74;35;58;17,6;20,4;19,6
21/03/2010 08:34;1,2;12,8;1013;0;74;34;343;17,6;20,4;19,6
21/03/2010 08:35;1,6;12,8;1013,1;0;73,9;27;156;17,6;20,4;19,6
21/03/2010 08:36;0,5;12,8;1013;0;74;26;339;17,6;20,4;19,6
21/03/2010 08:37;2,8;12,8;1013;0;73,8;28;243;17,6;20,4;19,6
21/03/2010 08:38;1,2;12,8;1013;0;73,9;32;109;17,6;20,4;19,6
21/03/2010 08:39;1,3;12,8;1013,1;0;73,9;41;119;17,6;20,4;19,6
21/03/2010 08:40;1,5;12,8;1013,2;0;73,9;35;219;17,6;20,4;19,6
21/03/2010 08:41;3,6;12,8;1013,1;0;74;29;192;17,6;20,4;19,6
21/03/2010 08:42;1,1;12,8;1013;0;73,9;26;274;17,6;20,4;19,6
21/03/2010 08:43;2,1;12,8;1013,1;0;74;22;200;17,6;20,4;19,6
21/03/2010 08:44;0,7;12,8;1013;0;74,2;19;190;17,6;20,4;19,6
21/03/2010 08:45;0,7;12,8;1013,1;0;74,3;19;89;17,6;20,4;19,6
21/03/2010 08:46;1,4;12,8;1013,1;0;74,4;19;209;17,6;20,4;19,6
21/03/2010 08:47;2,2;12,8;1013,1;0;74,3;18;175;17,6;20,4;19,6
21/03/2010 08:48;0,9;12,8;1013,1;0;74,4;18;73;17,6;20,4;19,6
21/03/2010 08:49;3;12,8;1013,1;0;74,3;20;234;17,6;20,4;19,6
21/03/2010 08:50;2,2;12,8;1013,2;0;74,3;18;159;17,6;20,4;19,6
21/03/2010 08:51;3,1;12,8;1013,2;0;74;15;242;17,6;20,4;19,6
21/03/2010 08:52;1,8;12,8;1013,2;0;73,9;14;220;17,6;20,4;19,6
21/03/2010 08:53;2,4;12,8;1013,3;0;74;13;226;17,6;20,4;19,6
21/03/2010 08:54;2,6;12,8;1013,4;0;74,1;13;260;17,6;20,4;19,6
21/03/2010 08:55;1,5;12,8;1013,5;0;74;13;310;17,6;20,4;19,6
21/03/2010 08:56;1,6;12,8;1013,5;0;74,1;15;302;17,6;20,4;19,6
21/03/2010 08:57;2;12,8;1013,5;0;74,4;15;317;17,6;20,4;19,6
21/03/2010 08:58;3,4;12,8;1013,5;0;74,8;15;282;17,6;20,4;19,6
21/03/2010 08:59;3,3;12,8;1013,6;0;75,2;11;275;17,6;20,4;19,6
21/03/2010 09:00;0,9;12,8;1013,7;0;75,8;8;234;17,6;20,4;19,6
21/03/2010 09:01;0,9;12,8;1013,7;0;76,6;8;280;17,6;20,4;19,6
21/03/2010 09:02;1,1;12,8;1013,7;0;77;10;320;17,6;20,4;19,6
21/03/2010 09:03;4,1;12,4;1013,8;0;77,6;9;241;17,6;20,4;19,6
21/03/2010 09:04;0,5;12,4;1013,8;0;78,1;10;154;17,6;20,4;19,6
21/03/2010 09:05;0,8;12;1013,9;0;78,8;13;189;17,6;20,4;19,6
21/03/2010 09:06;3;12;1013,9;0;79,4;16;247;17,6;20,4;19,6
21/03/2010 09:07;1,6;12;1013,9;0;79,9;18;271;17,6;20,4;19,6
21/03/2010 09:08;1,8;12;1013,9;0;80,4;22;250;17,6;20,4;19,6
21/03/2010 09:09;0;12;1013,9;0;80,7;23;185;17,6;20,4;19,6
21/03/2010 09:10;0,8;11,6;1013,9;0;81;22;39;17,6;20,4;19,6
21/03/2010 09:11;1;11,6;1014;0;81,1;23;181;17,6;20,4;19,6
21/03/2010 09:12;1;11,6;1014;0;81,3;24;196;17,6;20,4;19,6
21/03/2010 09:13;1,2;11,6;1014;0;81,4;32;27;17,6;20,4;19,6
21/03/2010 09:14;1;11,6;1014;0;81,7;35;347;17,6;20,4;19,6
21/03/2010 09:15;2,6;11,6;1014;0;81,9;46;311;17,6;20,4;19,6
21/03/2010 09:16;3,1;11,6;1014,1;0;82,1;49;194;17,6;20,4;19,6
21/03/2010 09:17;2,5;11,6;1014,1;0;82,2;64;233;17,6;20,4;19,6
21/03/2010 09:18;2;11,6;1014,1;0;82,3;45;252;17,6;20,4;19,6
21/03/2010 09:19;1,1;11,6;1014,2;0;82,4;25;266;17,6;20,4;19,6
21/03/2010 09:20;2;11,6;1014,2;0;82,3;23;317;17,6;20,4;19,6
21/03/2010 09:21;1,6;11,6;1014,2;0;82,5;17;233;17,6;20,4;19,6
21/03/2010 09:22;1,4;11,6;1014,3;0;82,7;17;262;17,6;20,4;19,6
21/03/2010 09:23;1,9;11,2;1014,4;0;82,6;25;199;17,6;20,4;19,6
21/03/2010 09:24;2,4;11,2;1014,4;0;82,7;31;307;17,6;20,4;19,6
21/03/2010 09:25;1,2;11,2;1014,4;0;82,7;34;102;17,6;20,4;19,6
21/03/2010 09:26;0,6;11,2;1014,5;0;82,5;37;187;17,6;20,4;19,6
21/03/2010 09:27;0,9;11,2;1014,5;0;82,5;43;288;17,6;20,4;19,6
21/03/2010 09:28;2,1;11,2;1014,5;0;82,2;39;266;17,6;20,4;19,6
21/03/2010 09:29;1,3;11,2;1014,6;0;82,4;38;196;17,6;20,4;19,6
21/03/2010 09:30;0;11,2;1014,6;0;82,7;36;115;17,6;20,4;19,6
21/03/2010 09:31;1,5;10,8;1014,5;0;82,9;39;346;17,6;20,4;19,6
21/03/2010 09:32;1,4;10,8;1014,6;0;82,9;46;65;17,6;20,4;19,6
21/03/2010 09:33;2,7;10,8;1014,5;0;82,3;53;236;17,6;20,4;19,6
21/03/2010 09:34;2,7;10,8;1014,6;0;82,5;67;173;17,6;20,4;19,6
21/03/2010 09:35;1,5;10,8;1014,6;0;82,4;87;259;17,6;20,4;19,6
21/03/2010 09:36;1,3;10,8;1014,6;0;82,6;76;221;17,6;20,4;19,6
21/03/2010 09:37;2,5;10,4;1014,6;0;82,7;71;232;17,6;20,4;19,6
21/03/2010 09:38;1,1;10,4;1014,7;0;82,9;71;257;17,6;20,4;19,6
21/03/2010 09:39;2,7;10,4;1014,7;0;83,1;68;225;17,6;20,4;19,6
21/03/2010 09:40;0,8;10,4;1014,8;0;83,5;54;175;17,6;20,4;19,6
21/03/2010 09:41;2,8;10,4;1014,7;0;83,3;45;216;17,6;20,4;19,6
21/03/2010 09:42;3,7;10,4;1014,8;0;83,1;38;262;17,6;20,4;19,6
21/03/2010 09:43;3,2;10,4;1014,8;0;83,3;34;194;17,6;20,4;19,6
21/03/2010 09:44;2,3;10,4;1014,9;0;83,3;30;219;17,6;20,4;19,6
21/03/2010 09:45;0,8;10,4;1014,9;0;83,5;24;215;17,6;20,4;19,6
21/03/2010 09:46;0,5;10,4;1015;0;83,6;20;121;17,6;20,4;19,6
21/03/2010 09:47;4,7;10,4;1014,8;0;83,4;20;266;17,6;20,4;19,6
21/03/2010 09:48;4,5;10,4;1015;0;83,5;21;165;17,6;20,4;19,6
21/03/2010 09:49;3,1;10,4;1015;0;83,5;25;222;17,6;20,4;19,6
21/03/2010 09:50;2,7;10;1015;0;83,7;27;335;17,6;20,4;19,6
21/03/2010 09:51;1,2;10;1015,1;0;83,8;31;231;17,6;20,4;19,6
21/03/2010 09:52;2,7;10;1015,1;0;83,9;33;236;17,6;20,4;19,6
21/03/2010 09:53;1,9;10;1015,1;0;83,7;33;253;17,6;20,4;19,6
21/03/2010 09:54;3;10;1015,1;0;83,7;35;253;17,6;20,4;19,6
21/03/2010 09:55;3,5;10;1015,1;0;83,6;33;216;17,6;20,4;19,6
21/03/2010 09:56;0;10;1015,1;0;83,2;32;86;17,6;20,4;19,6
21/03/2010 09:57;0,6;10;1015,2;0;83,4;42;109;17,6;20,4;19,6
21/03/2010 09:58;0;10;1015,2;0;83,3;55;306;17,6;20,4;19,6
21/03/2010 09:59;3,7;10;1015,2;0;83,2;52;173;17,6;20,4;19,6
21/03/2010 10:00;3,2;10;1015,2;0;82,8;38;237;17,6;20,4;19,6
21/03/2010 10:01;2,3;10;1015,2;0;82,9;39;213;17,6;20,4;19,6
21/03/2010 10:02;3,3;10;1015,3;0;82,9;60;200;17,6;20,4;19,6
21/03/2010 10:03;2,8;10;1015,3;0;82,7;59;185;17,6;20,4;19,6
21/03/2010 10:04;1,6;10;1015,3;0;82,5;55;303;17,6;20,4;19,6
21/03/2010 10:05;2,4;10;1015,3;0;82,7;61;169;17,6;20,4;19,6
21/03/2010 10:06;3,1;10;1015,2;0;82,4;60;224;17,6;20,4;19,6
21/03/2010 10:07;3,6;10;1015,2;0;82,5;53;326;17,6;20,4;19,6
21/03/2010 10:08;2,6;10;1015,3;0;82,7;44;305;17,6;20,4;19,6
21/03/2010 10:09;5,9;10;1015,2;0;82,8;68;310;17,6;20,4;19,6
21/03/2010 10:10;1,1;10;1015,3;0;82,7;92;137;17,6;20,4;19,6
21/03/2010 10:11;3,9;10;1015,3;0;82,7;64;264;17,6;20,4;19,6
21/03/2010 10:12;0,9;10;1015,4;0;82,7;62;276;17,6;20,4;19,6
21/03/2010 10:13;2,5;10;1015,4;0;82,7;73;157;17,6;20,4;19,6
21/03/2010 10:14;1,8;10;1015,4;0;82,8;59;234;17,6;20,4;19,6
21/03/2010 10:15;1,3;10;1015,5;0;82,8;60;215;17,6;20,4;19,6
21/03/2010 10:16;0,5;10;1015,4;0;82,7;66;149;17,6;20,4;19,6
21/03/2010 10:17;3,5;10;1015,4;0;82,5;87;264;17,6;20,4;19,6
21/03/2010 10:18;2,4;9,6;1015,4;0;82,4;78;247;17,6;20,4;19,6
21/03/2010 10:19;3;9,6;1015,4;0;81,9;83;250;17,6;20,4;19,6
21/03/2010 10:20;3,4;9,6;1015,4;0;81,5;86;156;17,6;20,4;19,6
21/03/2010 10:21;1;9,6;1015,4;0;81,5;112;270;17,6;20,4;19,6
21/03/2010 10:22;2,6;9,6;1015,4;0;81,1;150;209;17,6;20,4;19,6
21/03/2010 10:23;2;9,6;1015,4;0;80,8;153;252;17,6;20,4;19,6
21/03/2010 10:24;0,5;9,6;1015,4;0;81,2;141;24;17,6;20,4;19,6
21/03/2010 10:25;2,9;9,6;1015,4;0;80,8;140;222;17,6;20,4;19,6
21/03/2010 10:26;0,7;9,6;1015,5;0;80,6;140;275;17,6;20,4;19,6
21/03/2010 10:27;3,7;9,6;1015,3;0;80,3;157;273;17,6;20,4;19,6
21/03/2010 10:28;3;9,6;1015,5;0;79,7;140;176;17,6;20,4;19,6
21/03/2010 10:29;4,9;9,6;1015,5;0;79,5;143;247;17,6;20,4;19,6
21/03/2010 10:30;6,6;9,6;1015,3;0;78,7;149;271;17,6;20,4;19,6
21/03/2010 10:31;2;9,6;1015,5;0;78,5;178;193;17,6;20,4;19,6
21/03/2010 10:32;1,2;9,6;1015,5;0;78,3;202;136;17,6;20,4;19,6
21/03/2010 10:33;6,6;9,6;1015,5;0;78;204;214;17,6;20,4;19,6
21/03/2010 10:34;5,1;9,6;1015,5;0;77,9;283;277;17,6;20,4;19,6
21/03/2010 10:35;3,1;9,6;1015,5;0;77,4;281;275;17,6;20,4;19,6
21/03/2010 10:36;4,2;9,6;1015,4;0;77,5;330;214;17,6;20,4;19,6
21/03/2010 10:37;2,9;9,6;1015,6;0;77,4;375;201;17,6;20,4;19,6
21/03/2010 10:38;2,8;9,6;1015,5;0;77;502;228;17,6;20,4;19,6
21/03/2010 10:39;0,9;10;1015,5;0;76,7;614;343;17,6;20,4;19,6
21/03/2010 10:40;2,4;10;1015,7;0;77,1;322;223;17,6;20,4;19,6
21/03/2010 10:41;1,8;10;1015,6;0;76,7;314;268;17,6;20,4;19,6
21/03/2010 10:42;5,3;10;1015,5;0;76,1;314;217;17,6;20,4;19,6
21/03/2010 10:43;1,8;10;1015,6;0;75,7;294;238;17,6;20,4;19,6
21/03/2010 10:44;2,9;10,4;1015,5;0;75,3;553;297;17,6;20,4;19,6
21/03/2010 10:45;6,2;10,4;1015,5;0;74,2;653;214;17,6;20,4;19,6
21/03/2010 10:46;3,4;10,4;1015,6;0;74,4;690;201;17,6;20,4;19,6
21/03/2010 10:47;3,9;10,4;1015,6;0;74,1;768;267;17,6;20,4;19,6
21/03/2010 10:48;3,2;10,4;1015,7;0;74,1;316;180;17,6;20,4;19,6
21/03/2010 10:49;2,2;10,4;1015,6;0;73,7;270;119;17,6;20,4;19,6
21/03/2010 10:50;4,3;10,4;1015,6;0;72,6;672;262;17,6;20,4;19,6
21/03/2010 10:51;6,4;10,4;1015,5;0;72,1;232;252;17,6;20,4;19,6
21/03/2010 10:52;3,5;10,4;1015,6;0;72,8;221;286;17,6;20,4;19,6
21/03/2010 10:53;4,2;10,4;1015,7;0;72,9;467;198;17,6;20,4;19,6
21/03/2010 10:54;4,1;10,8;1015,7;0;72,4;268;186;17,6;20,4;19,6
21/03/2010 10:55;7,7;10,8;1015,5;0;72,3;316;288;17,6;20,4;19,6
21/03/2010 10:56;2,2;10,8;1015,7;0;71;634;247;17,6;20,4;20
21/03/2010 10:57;3,6;10,8;1015,8;0;71,7;655;184;17,6;20,4;19,6
21/03/2010 10:58;3;10,8;1015,8;0;70,7;771;222;17,6;20,4;19,6
21/03/2010 10:59;7,3;10,8;1015,5;0;70;770;246;17,6;20,4;19,6
21/03/2010 11:00;3,7;10,8;1015,9;0;69,7;582;186;17,6;20,4;19,6
21/03/2010 11:01;0,8;10,8;1015,9;0;69,6;264;227;17,6;20,4;19,6
21/03/2010 11:02;4,7;10,8;1015,9;0;69,4;272;202;17,6;20,4;19,6
21/03/2010 11:03;2,9;10,8;1015,8;0;68,8;349;254;17,6;20,4;19,6
21/03/2010 11:04;1,9;10,8;1015,9;0;68,6;780;165;17,6;20,4;19,6
21/03/2010 11:05;5,2;11,2;1016,1;0;68,5;350;207;17,6;20,4;19,6
21/03/2010 11:06;0,6;11,2;1015,9;0;67,6;700;339;17,6;20,4;19,6
21/03/2010 11:07;4,9;11,2;1015,8;0;66,8;465;242;17,6;20,4;19,6
21/03/2010 11:08;2,7;11,2;1016;0;66,6;839;192;17,6;20,4;19,6
21/03/2010 11:09;3,4;11,2;1016;0;66,3;429;156;17,6;20,4;19,6
21/03/2010 11:10;3,7;11,2;1015,9;0;65,9;253;218;17,6;20,4;19,6
21/03/2010 11:11;5,2;11,2;1016;0;66,3;360;183;17,6;20,4;19,6
21/03/2010 11:12;1,9;11,2;1015,9;0;65,5;664;284;17,6;20,4;19,6
21/03/2010 11:13;4,1;11,2;1016,1;0;65,8;843;209;17,6;20,4;19,6
21/03/2010 11:14;4,4;11,2;1016;0;66,1;865;257;17,6;20,4;19,6
21/03/2010 11:15;3,3;11,2;1016;0;65,6;833;276;17,6;20,4;19,6
21/03/2010 11:16;1,8;11,6;1016;0;65,7;814;80;17,6;20,4;19,6
21/03/2010 11:17;4,3;11,6;1016;0;64,6;756;257;17,6;20,4;19,6
21/03/2010 11:18;2,3;11,6;1016,1;0;65,7;606;192;17,6;20,4;19,6
21/03/2010 11:19;2,7;11,6;1016,1;0;65,3;546;291;17,6;20,4;19,6
21/03/2010 11:20;0,8;12;1016,2;0;64,7;901;160;17,6;20,4;19,6
21/03/2010 11:21;3,4;12;1016,2;0;63,3;802;193;17,6;20,4;19,6
21/03/2010 11:22;4,1;12;1016,3;0;63,6;496;232;17,6;20,4;19,6
21/03/2010 11:23;4,2;12;1016,2;0;63,6;1053;249;17,6;20,4;19,6
21/03/2010 11:24;2,4;12;1016,3;0;63,8;527;194;17,6;20,4;19,6
21/03/2010 11:25;6,7;12;1016,1;0;64;494;282;17,6;20,4;19,6
21/03/2010 11:26;2,7;12;1016,3;0;64,5;657;208;17,6;20,4;19,6
21/03/2010 11:27;6,6;12;1016,3;0;63,7;444;237;17,6;20,4;19,6
21/03/2010 11:28;2,9;12;1016,3;0;63,9;499;230;17,6;20,4;19,6
21/03/2010 11:29;1,2;12;1016,3;0;64,9;557;35;17,6;20,4;19,6
21/03/2010 11:30;1,4;12;1016,4;0;63,6;481;244;17,6;20,4;19,6
21/03/2010 11:31;5,9;12;1016,4;0;63,7;345;225;17,6;20,4;19,6
21/03/2010 11:32;1,6;12;1016,4;0;64,4;358;181;17,6;20,4;19,6
21/03/2010 11:33;2;12;1016,4;0;65;225;86;17,6;20,4;19,6
21/03/2010 11:34;5,9;12;1016,4;0;64,5;204;273;17,6;20,4;19,6
21/03/2010 11:35;2,7;11,6;1016,5;0;65,1;199;274;17,6;20,4;19,6
21/03/2010 11:36;1,7;11,6;1016,5;0;65,1;157;249;17,6;20,4;19,6
21/03/2010 11:37;0;11,6;1016,6;0;65,3;137;164;17,6;20,4;19,6
21/03/2010 11:38;3,9;11,6;1016,7;0;65,2;157;188;17,6;20,4;19,6
21/03/2010 11:39;2,6;11,6;1016,6;0;65,5;227;270;17,6;20,4;19,6
21/03/2010 11:40;3,7;11,6;1016,6;0;65,3;412;210;17,6;20,4;19,6
21/03/2010 11:41;6,8;11,2;1016,5;0;65,7;381;273;17,6;20,4;19,6
21/03/2010 11:42;4,8;11,2;1016,7;0;66;436;207;17,6;20,4;19,6
21/03/2010 11:43;2,8;11,2;1016,7;0;66,9;325;206;17,6;20,4;19,6
21/03/2010 11:44;1,5;11,2;1016,8;0;66,7;246;132;17,6;20,4;19,6
21/03/2010 11:45;2,2;11,2;1016,8;0;67,1;193;207;17,6;20,4;19,6
21/03/2010 11:46;3,5;11,2;1016,9;0;66,6;171;255;17,6;20,4;19,6
21/03/2010 11:47;1,5;11,2;1016,8;0;66,3;146;215;17,6;20,4;19,6
21/03/2010 11:48;1,1;11,2;1016,9;0;66,8;138;115;17,6;20,4;19,6
21/03/2010 11:49;1,9;11,2;1016,8;0;67,1;136;253;17,6;20,4;19,6
21/03/2010 11:50;1,7;10,8;1016,9;0;67;147;156;17,6;20,4;19,6
21/03/2010 11:51;5,5;10,8;1016,9;0;67;149;197;17,6;20,4;19,6
21/03/2010 11:52;0,8;10,8;1016,9;0;67,5;172;316;17,6;20,4;19,6
21/03/2010 11:53;2,1;10,8;1016,9;0;67,8;244;254;17,6;20,4;19,6
21/03/2010 11:54;5;10,8;1017;0;67,8;315;202;17,6;20,4;19,6
21/03/2010 11:55;7,3;10,8;1017;0;68,1;315;207;17,6;20,4;19,6
21/03/2010 11:56;2;10,8;1017;0;68,1;326;188;17,6;20,4;19,6
21/03/2010 11:57;3;10,8;1017;0;68,5;292;204;17,6;20,4;19,6
21/03/2010 11:58;3,4;10,8;1017;0;68,3;242;166;17,6;20,4;19,6
21/03/2010 11:59;3;10,8;1017,1;0;68,3;204;201;17,6;20,4;19,6
21/03/2010 12:00;5;10,8;1017;0;68,1;165;206;17,6;20,4;19,6
21/03/2010 12:01;3,4;10,8;1017,1;0;68,4;148;209;17,6;20,4;19,6
21/03/2010 12:02;0,6;10,8;1017;0;68,1;175;71;17,6;20,4;19,6
21/03/2010 12:03;1,7;10,8;1017,1;0;68,6;190;227;17,6;20,4;19,6
21/03/2010 12:04;2,8;10,8;1017;0;67,9;195;276;17,6;20,4;19,6
21/03/2010 12:05;4,8;10,8;1017,2;0;68;201;200;17,6;20,4;19,6
21/03/2010 12:06;2,3;10,8;1017,1;0;67,9;195;295;17,6;20,4;19,6
21/03/2010 12:07;3,6;10,8;1017,2;0;67,5;183;187;17,6;20,4;19,6
21/03/2010 12:08;3,7;10,8;1017,2;0;68;198;201;17,6;20,4;19,6
21/03/2010 12:09;1,8;10,8;1017,1;0;68,3;227;213;17,6;20,4;19,6
21/03/2010 12:10;3,3;10,8;1017,2;0;68,2;232;220;17,6;20,4;19,6
21/03/2010 12:11;3,7;10,8;1017,3;0;68,6;216;177;17,6;20,4;19,6
21/03/2010 12:12;5,2;10,8;1017,3;0;68,1;201;238;17,6;20,4;19,6
21/03/2010 12:13;3,6;10,8;1017,3;0;68,4;187;145;17,6;20,4;19,6
21/03/2010 12:14;3,2;10,8;1017,2;0;68,1;179;232;17,6;20,4;19,6
21/03/2010 12:15;3;10,8;1017,2;0;68;171;289;17,6;20,4;19,6
21/03/2010 12:16;1,3;10,8;1017,3;0;68,5;170;119;17,6;20,4;19,6
21/03/2010 12:17;3,1;10,8;1017,3;0;68,6;173;274;17,6;20,4;19,6
21/03/2010 12:18;1,1;10,8;1017,4;0;67,8;184;282;17,6;20,4;19,6
21/03/2010 12:19;3,2;10,8;1017,3;0;67,8;203;219;17,6;20,4;19,6
21/03/2010 12:20;0;10,8;1017,4;0;67,9;219;263;17,6;20,4;19,6
21/03/2010 12:21;2,8;10,8;1017,4;0;67,2;234;269;17,6;20,4;19,6
21/03/2010 12:22;4,2;10,8;1017,4;0;67,1;241;158;17,6;20,4;19,6
21/03/2010 12:23;2,1;10,8;1017,3;0;67,1;251;173;17,6;20,4;19,6
21/03/2010 12:24;2,9;10,8;1017,4;0;67,7;259;170;17,6;20,4;19,6
21/03/2010 12:25;3,4;10,8;1017,4;0;67,2;259;275;17,6;20,4;19,6
21/03/2010 12:26;0,9;10,8;1017,4;0;67;235;8;17,6;20,4;19,6
21/03/2010 12:27;1,4;10,8;1017,4;0;67,3;195;307;17,6;20,4;19,6
21/03/2010 12:28;3,8;10,8;1017,4;0;67,3;175;219;17,6;20,4;19,6
21/03/2010 12:29;2,8;10,8;1017,4;0;67,3;174;166;17,6;20,4;19,6
21/03/2010 12:30;1,9;10,8;1017,4;0;67,6;174;185;17,6;20,4;19,6
21/03/2010 12:31;2,9;10,8;1017,3;0;67,2;223;241;17,6;20,4;19,6
21/03/2010 12:32;2,1;10,8;1017,4;0;67,2;259;283;17,6;20,4;19,6
21/03/2010 12:33;2,3;10,8;1017,4;0;67,6;288;172;17,6;20,4;19,6
21/03/2010 12:34;3,4;10,8;1017,5;0;67,4;320;128;17,6;20,4;19,6
21/03/2010 12:35;1,7;10,8;1017,4;0;67,3;347;228;17,6;20,4;19,6
21/03/2010 12:36;4,1;10,8;1017,5;0;67;359;197;17,6;20,4;19,6
21/03/2010 12:37;2,3;10,8;1017,4;0;67,4;424;168;17,6;20,4;19,6
21/03/2010 12:38;0,6;10,8;1017,5;0;67,2;398;209;17,6;20,4;19,6
21/03/2010 12:39;3,5;10,8;1017,5;0;67,1;379;206;17,6;20,4;19,6
21/03/2010 12:40;4;10,8;1017,5;0;66,9;359;238;17,6;20,4;19,6
21/03/2010 12:41;2,1;10,8;1017,5;0;67,3;340;238;17,6;20,4;19,6
21/03/2010 12:42;6,9;10,8;1017,3;0;67,3;354;246;17,6;20,4;19,6
21/03/2010 12:43;3,3;10,8;1017,6;0;67,2;387;164;17,6;20,4;19,6
21/03/2010 12:44;3,7;10,8;1017,6;0;66,5;402;304;17,6;20,4;19,6
21/03/2010 12:45;4,5;10,8;1017,5;0;66,8;404;232;17,6;20,4;19,6
21/03/2010 12:46;2,2;10,8;1017,5;0;67;391;290;17,6;20,4;19,6
21/03/2010 12:47;1,3;10,8;1017,5;0;67,3;390;336;17,6;20,4;19,6
21/03/2010 12:48;1;10,8;1017,5;0;67,3;331;190;17,6;20,4;19,6
21/03/2010 12:49;2,5;10,8;1017,5;0;67,4;257;273;17,6;20,4;19,6
21/03/2010 12:50;3;10,8;1017,5;0;67,2;247;298;17,6;20,4;19,6
21/03/2010 12:51;0,7;10,8;1017,6;0;67,2;250;353;17,6;20,4;19,6
21/03/2010 12:52;5,7;10,8;1017,7;0;66,7;219;220;17,6;20,4;19,6
21/03/2010 12:53;2,9;10,8;1017,7;0;66,8;191;167;17,6;20,4;19,6
21/03/2010 12:54;3,3;10,8;1017,7;0;67,2;177;227;17,6;20,4;19,6
21/03/2010 12:55;3,9;10,8;1017,7;0;67,1;163;237;17,6;20,4;19,6
21/03/2010 12:56;3,6;10,8;1017,8;0;67,3;151;189;17,6;20,4;19,6
21/03/2010 12:57;4,1;10,8;1017,6;0;67,6;157;273;17,6;20,4;19,6
21/03/2010 12:58;2,8;10,8;1017,8;0;67,7;154;270;17,6;20,4;19,6
21/03/2010 12:59;3;10,8;1017,8;0;68,3;141;165;17,6;20,4;19,6
21/03/2010 13:00;4,6;10,8;1017,8;0;68,6;135;229;17,6;20,4;19,6
21/03/2010 13:01;2,6;10,8;1017,8;0;69,1;157;256;17,6;20,4;19,6
21/03/2010 13:02;1,2;10,8;1017,8;0;69,8;142;208;17,6;20,4;19,6
21/03/2010 13:03;2;10,4;1017,9;0;70,2;132;269;17,6;20,4;19,6
21/03/2010 13:04;2,2;10,4;1017,8;0;70,4;144;217;17,6;20,4;19,6
21/03/2010 13:05;6,5;10,4;1017,7;0;70,4;140;233;17,6;20,4;19,6
21/03/2010 13:06;6,2;10,4;1017,6;0;70,2;118;265;17,6;20,4;19,6
21/03/2010 13:07;2,9;10,4;1017,8;0;71;106;264;17,6;20,4;19,6
21/03/2010 13:08;1,6;10,4;1017,8;0;71,7;108;179;17,6;20,4;19,6
21/03/2010 13:09;2,1;10,4;1017,8;0;71,5;120;148;17,6;20,4;19,6
21/03/2010 13:10;3,3;10,4;1017,8;0;72,1;138;213;17,6;20,4;19,6
21/03/2010 13:11;4,5;10,4;1017,8;0;72,3;145;150;17,6;20,4;19,6
21/03/2010 13:12;2,7;10,4;1017,8;0;72,8;141;217;17,6;20,4;19,6
21/03/2010 13:13;4,7;10,4;1017,9;0;73;137;204;17,6;20,4;19,6
21/03/2010 13:14;2,6;10,4;1017,9;0;73,2;142;185;17,6;20,4;19,6
21/03/2010 13:15;4,1;10;1017,8;0;73,5;152;170;17,6;20,4;19,6
21/03/2010 13:16;3,2;10;1017,9;0;73,4;176;209;17,6;20,4;19,6
21/03/2010 13:17;2,2;10;1017,8;0;73,7;220;152;17,6;20,4;19,6
21/03/2010 13:18;4,1;10;1017,8;0;73,8;296;234;17,6;20,4;19,6
21/03/2010 13:19;2,5;10;1017,8;0;73,6;378;233;17,6;20,4;19,6
21/03/2010 13:20;1,7;10;1017,9;0;73,7;375;223;17,6;20,4;19,6
21/03/2010 13:21;3,5;10;1017,8;0;73,7;371;201;17,6;20,4;19,6
21/03/2010 13:22;1,9;10;1017,8;0;73,6;392;170;17,6;20,4;19,6
21/03/2010 13:23;2,7;10;1017,9;0;73,2;363;147;17,6;20,4;19,6
21/03/2010 13:24;2;10;1017,9;0;73,2;346;193;17,6;20,4;19,6
21/03/2010 13:25;0,7;10,4;1017,8;0;72,7;343;279;17,6;20,4;19,6
21/03/2010 13:26;3,4;10,4;1017,8;0;71;369;252;17,6;20,4;19,6
21/03/2010 13:27;1,2;10,4;1017,9;0;71;402;289;17,6;20,4;19,6
21/03/2010 13:28;1,1;10,4;1017,9;0;71,2;408;111;17,6;20,4;19,6
21/03/2010 13:29;1,1;10,4;1017,9;0;71,1;353;221;17,6;20,4;19,6
21/03/2010 13:30;2,9;10,4;1018;0;69,9;326;225;17,6;20,4;19,6
21/03/2010 13:31;1;10,8;1017,9;0;69,8;347;207;17,6;20,4;19,6
21/03/2010 13:32;1,9;10,8;1017,9;0;69,6;356;177;17,6;20,4;19,6
21/03/2010 13:33;1,4;10,8;1017,9;0;69,2;353;348;17,6;20,4;19,6
21/03/2010 13:34;2;10,8;1017,9;0;69,3;325;264;17,6;20,4;19,6
21/03/2010 13:35;2,7;10,8;1017,9;0;69,3;277;256;17,6;20,4;19,6
21/03/2010 13:36;3,6;10,8;1017,9;0;69,1;227;244;17,6;20,4;19,6
21/03/2010 13:37;1,2;10,8;1017,9;0;69,3;218;334;17,6;20,4;19,6
21/03/2010 13:38;3,4;10,8;1017,9;0;69,1;228;282;17,6;20,4;19,6
21/03/2010 13:39;4,5;10,8;1018;0;69,3;230;253;17,6;20,4;19,6
21/03/2010 13:40;1,2;10,8;1018;0;69,7;230;131;17,6;20,4;19,6
21/03/2010 13:41;0,9;10,8;1018,1;0;70,3;240;205;17,6;20,4;19,6
21/03/2010 13:42;2,4;10,8;1018,1;0;70,1;200;237;17,6;20,4;19,6
21/03/2010 13:43;4,4;10,8;1018,1;0;70,4;180;196;17,6;20,4;19,6
21/03/2010 13:44;3,4;10,8;1018,1;0;70,7;174;249;17,6;20,4;19,6
21/03/2010 13:45;4,5;10,8;1018,1;0;71,1;140;238;17,6;20,4;19,6
21/03/2010 13:46;1,6;10,8;1018,2;0;71,5;103;254;17,6;20,4;19,6
21/03/2010 13:47;1,6;10,8;1018,2;0;72;97;202;17,6;20,4;19,6
21/03/2010 13:48;1,7;10,8;1018,3;0;73;91;284;17,6;20,4;19,6
21/03/2010 13:49;2,4;10,4;1018,2;0;73,8;84;277;17,6;20,4;19,6
21/03/2010 13:50;2,7;10,4;1018,3;0;75;103;238;17,6;20,4;19,6
21/03/2010 13:51;3,4;10,4;1018,4;0;76,2;113;289;17,6;20,4;19,6
21/03/2010 13:52;1,4;10;1018,3;0;77,6;144;289;17,6;20,4;19,6
21/03/2010 13:53;4,1;10;1018,3;0;77,9;167;308;17,6;20,4;19,6
21/03/2010 13:54;1,3;9,6;1018,4;0;79,1;167;299;17,6;20,4;19,6
21/03/2010 13:55;5,3;9,6;1018,4;0;79,8;179;220;17,6;20,4;19,6
21/03/2010 13:56;3,2;9,6;1018,3;0;79,3;183;187;17,6;20,4;19,6
21/03/2010 13:57;3;9,6;1018,3;0;79,9;168;185;17,6;20,4;19,6
21/03/2010 13:58;2,1;9,6;1018,3;0;80;155;112;17,6;20,4;19,6
21/03/2010 13:59;6,4;9,6;1018,3;0;79,9;148;224;17,6;20,4;19,6
21/03/2010 14:00;4,8;9,6;1018,2;0;79,7;156;246;17,6;20,4;19,6
21/03/2010 14:01;3,1;9,2;1018,3;0;79,6;183;208;17,6;20;19,6
21/03/2010 14:02;3,6;9,2;1018,3;0;79,3;212;154;17,6;20,4;19,6
21/03/2010 14:03;2,4;9,2;1018,3;0;80;226;177;17,6;20;19,6
21/03/2010 14:04;1,3;9,2;1018,2;0;80;240;341;17,6;20;19,6
21/03/2010 14:05;3,2;9,2;1018,3;0;79,9;229;190;17,6;20;19,6
21/03/2010 14:06;0,5;9,2;1018,3;0;80,3;220;206;17,6;20;19,6
21/03/2010 14:07;3,5;9,2;1018,3;0;79,8;225;224;17,6;20;19,6
21/03/2010 14:08;1,5;9,2;1018,2;0;79,3;249;179;17,6;20;19,6
21/03/2010 14:09;1,4;9,2;1018,3;0;78,7;283;209;17,6;20;19,6
21/03/2010 14:10;2,7;9,2;1018;0;78,7;298;340;17,6;20;19,6
21/03/2010 14:11;4,2;9,2;1018,2;0;78,5;292;212;17,6;20;19,6
21/03/2010 14:12;1,3;9,2;1018,2;0;78,5;276;253;17,6;20;19,6
21/03/2010 14:13;2,9;9,2;1018,2;0;77,4;284;226;17,6;20;19,6
21/03/2010 14:14;2,3;9,2;1018,2;0;77,7;296;130;17,6;20;19,6
21/03/2010 14:15;2,4;9,2;1018,2;0;76,9;300;137;17,3;20;19,6
21/03/2010 14:16;0,9;9,2;1018,2;0;76,8;310;219;17,3;20;19,6
21/03/2010 14:17;1;9,6;1018,2;0;76,7;334;178;17,3;20;19,6
21/03/2010 14:18;1,7;9,6;1018,2;0;76,1;346;196;17,3;20;19,6
21/03/2010 14:19;2,3;9,6;1018,3;0;75,8;386;226;17,3;20;19,6
21/03/2010 14:20;2,7;9,6;1018,3;0;76,3;380;229;17,3;20;19,6
21/03/2010 14:21;0,8;9,6;1018,3;0;76,5;378;218;17,3;20;19,6
21/03/2010 14:22;2;9,6;1018,3;0;76,5;365;303;17,3;20;19,6
21/03/2010 14:23;2;9,6;1018,2;0;75,2;368;287;17,3;20;19,6
21/03/2010 14:24;4;9,6;1018,3;0;74,9;379;165;17,3;20;19,6
21/03/2010 14:25;0,8;9,6;1018,3;0;74,9;383;131;17,3;20;19,6
21/03/2010 14:26;4,5;10;1018,3;0;74,8;382;181;17,3;20;19,6
21/03/2010 14:27;1,1;10;1018,4;0;74,2;387;318;17,3;20;19,6
21/03/2010 14:28;3,3;10;1018,2;0;74;358;255;17,3;20;19,6
21/03/2010 14:29;3;10;1018,4;0;73,8;329;191;17,3;20;19,6
21/03/2010 14:30;2,2;10;1018,4;0;73,7;300;197;17,3;20;19,6
21/03/2010 14:31;1,8;10;1018,4;0;73,9;313;198;17,3;20,4;19,6
21/03/2010 14:32;1,3;10;1018,3;0;73,7;319;217;17,3;20,4;19,6
21/03/2010 14:33;1,7;10;1018,4;0;73,8;296;227;17,3;20,4;19,6
21/03/2010 14:34;1,1;10;1018,4;0;73,3;255;155;17,3;20,4;19,6
21/03/2010 14:35;1,5;10,4;1018,4;0;73,1;206;245;17,3;20,4;19,6
21/03/2010 14:36;1,5;10,4;1018,4;0;72,3;197;205;17,3;20,4;19,6
21/03/2010 14:37;2,2;10,4;1018,4;0;72,5;229;250;17,3;20,4;19,6
21/03/2010 14:38;1,6;10,4;1018,4;0;72,4;202;71;17,3;20,4;19,6
21/03/2010 14:39;1,6;10,4;1018,4;0;72,3;193;189;17,3;20;19,6
21/03/2010 14:40;3,9;10,4;1018,4;0;72,1;204;152;17,3;20;19,6
21/03/2010 14:41;2;10,4;1018,5;0;72,1;213;268;17,3;20;19,6
21/03/2010 14:42;2,2;10,4;1018,4;0;72,3;188;191;17,3;20;19,6
21/03/2010 14:43;3,2;10,4;1018,4;0;72,5;147;192;17,3;20;19,6
21/03/2010 14:44;1,9;10,4;1018,4;0;72,3;113;261;17,3;20;19,6
21/03/2010 14:45;5,1;10,4;1018,4;0;72,2;101;206;17,3;20;19,6
21/03/2010 14:46;4,2;10,4;1018,4;0;71,9;94;224;17,3;20;19,6
21/03/2010 14:47;2,3;10,4;1018,4;0;72;74;214;17,3;20;19,6
21/03/2010 14:48;3;10,4;1018,4;0;72,1;68;161;17,3;20;19,6
21/03/2010 14:49;2,7;10,4;1018,3;0;71,5;72;224;17,3;20;19,6
21/03/2010 14:50;1,5;10,4;1018,3;0;71,5;84;240;17,3;20;19,6
21/03/2010 14:51;2,2;10,4;1018,4;0;71,6;85;226;17,3;20;19,6
21/03/2010 14:52;3,1;10,4;1018,4;0;71,9;91;277;17,6;20;19,6
21/03/2010 14:53;3,2;10,4;1018,4;0;71;107;118;17,3;20;19,6
21/03/2010 14:54;2,7;10,4;1018,4;0;70,2;120;197;17,3;20;19,6
21/03/2010 14:55;1,6;10,4;1018,3;0;70;134;217;17,3;20;19,6
21/03/2010 14:56;1,8;10,4;1018,4;0;70,3;141;220;17,6;20;19,6
21/03/2010 14:57;3,9;10,4;1018,4;0;70,4;145;146;17,6;20;19,6
21/03/2010 14:58;5,4;10,4;1018,4;0;69,8;126;197;17,6;20;19,6
21/03/2010 14:59;3;10,4;1018,3;0;69,4;120;159;17,6;20;19,6
21/03/2010 15:00;0,8;10,4;1018,3;0;69,5;119;180;17,6;20;19,6
21/03/2010 15:01;0,7;10,4;1018,4;0;69,5;127;138;17,6;20;19,6
21/03/2010 15:02;1,7;10,4;1018,4;0;69,5;131;329;17,6;20;19,6
21/03/2010 15:03;1,6;10,4;1018,3;0;69,3;131;268;17,6;20;19,6
21/03/2010 15:04;2,1;10,4;1018,4;0;69,3;122;185;17,6;20;19,6
21/03/2010 15:05;2,1;10,4;1018,5;0;69,4;118;176;17,6;20;19,6
21/03/2010 15:06;3,4;10,4;1018,4;0;69,4;126;281;17,6;20;19,6
21/03/2010 15:07;2,7;10,4;1018,5;0;69,6;140;224;17,6;20;19,6
21/03/2010 15:08;0;10,4;1018,5;0;69,6;154;329;17,6;20;19,6
21/03/2010 15:09;1,3;10,4;1018,5;0;69,9;171;196;17,6;20;19,6
21/03/2010 15:10;3,3;10,4;1018,6;0;69,8;182;145;17,6;20;19,6
21/03/2010 15:11;2,2;10,4;1018,6;0;70;194;168;17,6;20;19,6
21/03/2010 15:12;3,8;10,4;1018,6;0;70,2;207;206;17,6;20;19,6
21/03/2010 15:13;3,3;10,4;1018,6;0;69,9;214;199;17,6;20;19,6
21/03/2010 15:14;0;10,4;1018,6;0;70,1;203;264;17,6;20;19,6
21/03/2010 15:15;1,8;10,4;1018,6;0;70,3;200;129;17,6;20;19,6
21/03/2010 15:16;1,1;10,4;1018,6;0;70,4;208;237;17,6;20;19,6
21/03/2010 15:17;4,6;10,4;1018,7;0;70,2;186;195;17,6;20;19,6
21/03/2010 15:18;2,1;10,4;1018,6;0;69,8;198;196;17,6;20;19,6
21/03/2010 15:19;4,5;10,4;1018,6;0;69,5;194;237;17,6;20;19,6
21/03/2010 15:20;4,8;10,4;1018,6;0;69,5;173;195;17,6;20;19,6
21/03/2010 15:21;5,1;10,4;1018,7;0;69,5;164;203;17,6;20;19,6
21/03/2010 15:22;5,2;10,4;1018,6;0;69,7;209;254;17,6;20;19,6
21/03/2010 15:23;1,3;10;1018,6;0;70,1;296;229;17,6;20;19,6
21/03/2010 15:24;4,8;10;1018,5;0;70,1;702;228;17,6;20;19,6
21/03/2010 15:25;2,8;10;1018,5;0;70;535;238;17,6;20;19,6
21/03/2010 15:26;2;10;1018,7;0;70,3;441;229;17,6;20;19,6
21/03/2010 15:27;1,8;10;1018,7;0;69,7;348;193;17,6;20;19,6
21/03/2010 15:28;0,9;10;1018,6;0;69,8;341;10;17,6;20;19,6
21/03/2010 15:29;2,4;10,4;1018,7;0;69,2;265;209;17,6;20;19,6
21/03/2010 15:30;3,8;10,4;1018,7;0;68,9;217;242;17,6;20;19,6
21/03/2010 15:31;3,5;10,4;1018,8;0;68,8;191;229;17,6;20;19,6
21/03/2010 15:32;1,5;10,4;1018,8;0;69,1;165;210;17,6;20;19,6
21/03/2010 15:33;0,8;10,4;1018,8;0;69,1;133;244;17,6;20;19,6
21/03/2010 15:34;3,7;10,4;1018,9;0;69,1;112;236;17,6;20;19,6
21/03/2010 15:35;4,9;10,4;1018,8;0;69,1;105;256;17,6;20;19,6
21/03/2010 15:36;3,2;10,4;1018,9;0;69,4;102;320;17,6;20;19,6
21/03/2010 15:37;3,9;10,4;1018,9;0;69,5;89;257;17,6;20;19,6
21/03/2010 15:38;0,7;10,4;1018,9;0;70;82;142;17,6;20;19,6
21/03/2010 15:39;4,3;10,4;1018,9;0;70,3;86;264;17,6;20;19,6
21/03/2010 15:40;3,6;10,4;1018,9;0;70,3;104;239;17,6;20;19,6
21/03/2010 15:41;2,7;10,4;1018,9;0;70,4;112;294;17,6;20;19,6
21/03/2010 15:42;1,5;10;1018,9;0;70,7;140;252;17,6;20;19,6
21/03/2010 15:43;2,1;10;1018,9;0;70,9;158;303;17,6;20;19,6
21/03/2010 15:44;2,7;10;1019;0;71,2;168;236;17,6;20;19,6
21/03/2010 15:45;1,5;10;1019;0;71,2;172;222;17,6;20;19,6
21/03/2010 15:46;3;10;1019;0;71,3;187;190;17,6;20;19,6
21/03/2010 15:47;1,7;10;1018,9;0;71,5;227;208;17,6;20;19,6
21/03/2010 15:48;2,6;10;1018,9;0;71,8;208;181;17,6;20;19,6
21/03/2010 15:49;1,3;10;1018,9;0;72;205;172;17,6;20;19,6
21/03/2010 15:50;0,9;10;1018,8;0;72,1;224;77;17,6;20;19,6
21/03/2010 15:51;3,2;10;1018,8;0;72,2;289;234;17,6;20;19,6
21/03/2010 15:52;1,1;10;1018,9;0;72,2;657;249;17,6;20;19,6
21/03/2010 15:53;5,8;10;1018,8;0;72,2;587;211;17,6;20;19,6
21/03/2010 15:54;5,6;10;1018,7;0;72,2;374;268;17,6;20;19,6
21/03/2010 15:55;6,2;10;1018,7;0;72,3;513;221;17,6;20;19,6
21/03/2010 15:56;3,7;10;1018,8;0;72,1;239;224;17,6;20;19,6
21/03/2010 15:57;2,4;10;1018,8;0;72,4;190;183;17,6;20;19,6
21/03/2010 15:58;2,6;10;1018,8;0;72,1;179;306;17,6;20;19,6
21/03/2010 15:59;2,3;10;1018,9;0;72,4;168;191;17,6;20;19,6
21/03/2010 16:00;1,8;10;1018,8;0;72,2;152;319;17,6;20;19,6
21/03/2010 16:01;3,6;10;1018,8;0;72,4;154;299;17,6;20;19,6
21/03/2010 16:02;1,2;10;1018,9;0;72,9;136;12;17,6;20;19,6
21/03/2010 16:03;4,5;10;1018,9;0;73,2;135;275;17,6;20;19,6
21/03/2010 16:04;0,5;10;1018,9;0;73,5;109;224;17,6;20;19,6
21/03/2010 16:05;5,9;9,6;1018,9;0;73,7;100;289;17,6;20;19,6
21/03/2010 16:06;2,4;9,6;1019,1;0;74,2;97;204;17,6;20;19,6
21/03/2010 16:07;5,7;9,6;1019;0;74,6;91;268;17,6;20;19,6
21/03/2010 16:08;1;9,6;1019;0;75,1;89;248;17,6;20;19,6
21/03/2010 16:09;3,4;9,6;1019,1;0;75,5;85;254;17,6;20;19,6
21/03/2010 16:10;2,4;9,6;1019,1;0;75,8;87;209;17,6;20;19,6
21/03/2010 16:11;1,4;9,2;1019,1;0;76;136;174;17,6;20;19,6
21/03/2010 16:12;1,8;9,2;1019,1;0;76,4;172;227;17,6;20;19,6
21/03/2010 16:13;0;9,2;1019,1;0;76,4;272;185;17,6;20;19,6
21/03/2010 16:14;1,7;9,2;1019,1;0;76,2;387;279;17,6;20;19,6
21/03/2010 16:15;4,8;9,2;1019;0;76,3;285;269;17,6;20;19,6
21/03/2010 16:16;2,8;9,2;1019,1;0;76,5;238;214;17,6;20;19,6
21/03/2010 16:17;3,3;9,2;1019,1;0;76,5;192;272;17,6;20;19,6
21/03/2010 16:18;3,4;9,2;1019,1;0;76,1;151;179;17,6;20;19,6
21/03/2010 16:19;1,3;9,2;1019,1;0;76;135;251;17,6;20;19,6
21/03/2010 16:20;2,6;9,2;1019,1;0;75,9;121;217;17,6;20;19,6
21/03/2010 16:21;4,5;9,2;1019,1;0;0;105;260;17,6;20;19,6
21/03/2010 16:22;3,3;9,2;1019,1;0;75,8;114;245;17,6;20;19,6
21/03/2010 16:23;3;9,2;1019,2;0;75,7;107;211;17,6;20;19,6
21/03/2010 16:24;0,8;9,2;1019,2;0;75,6;92;255;17,6;20;19,6
21/03/2010 16:25;3;9,2;1019,2;0;75,9;93;233;17,6;20;19,6
21/03/2010 16:26;3;9,2;1019,2;0;75,6;97;225;17,6;20;19,6
21/03/2010 16:27;1;9,2;1019,1;0;75,9;95;225;17,6;20;19,6
21/03/2010 16:28;2,5;9,2;1019,2;0;76;89;177;17,6;20;19,6
21/03/2010 16:29;3,2;9,2;1019,2;0;75,8;87;189;17,6;20;19,6
21/03/2010 16:30;5,5;9,2;1019,1;0;75,8;95;266;17,6;20;19,6
21/03/2010 16:31;4,6;9,2;1019,2;0;75,7;100;229;17,6;20;19,6
21/03/2010 16:32;0,5;9,2;1019,1;0;75,8;100;311;17,6;20;19,6
21/03/2010 16:33;0,6;9,2;1019,2;0;76;87;139;17,6;20;19,6
21/03/2010 16:34;3,4;9,2;1019,1;0;75,9;79;312;17,6;20;19,6
21/03/2010 16:35;1,4;9,2;1019,2;0;76,1;79;120;17,6;20;19,6
21/03/2010 16:36;0,9;9,2;1019,2;0;76;88;49;17,6;20;19,6
21/03/2010 16:37;1,8;9,2;1019,2;0;76;100;101;17,6;20;19,6
21/03/2010 16:38;2,3;9,2;1019,2;0;75,8;101;315;17,6;20;19,6
21/03/2010 16:39;0,9;9,2;1019,3;0;75,7;98;163;17,6;20;19,6
21/03/2010 16:40;0;9,2;1019,2;0;76;92;215;17,6;20;19,6
21/03/2010 16:41;0,5;9,2;1019,3;0;75,7;95;246;17,6;20;19,6
21/03/2010 16:42;1,7;9,2;1019,3;0;75,5;92;248;17,6;20;19,6
21/03/2010 16:43;3,2;9,2;1019,2;0;75,5;92;258;17,6;20;19,6
21/03/2010 16:44;2,7;9,2;1019,3;0;75,8;104;206;17,6;20;19,6
21/03/2010 16:45;2;9,2;1019,3;0;75,8;94;300;17,6;20;19,6
21/03/2010 16:46;0;9,2;1019,3;0;75,9;93;263;17,6;20;19,6
21/03/2010 16:47;3,1;9,2;1019,3;0;75,7;89;300;17,6;20;19,6
21/03/2010 16:48;3,3;9,2;1019,3;0;75,8;86;321;17,6;20;19,6
21/03/2010 16:49;1,6;9,2;1019,3;0;75,7;81;186;17,6;20;19,6
21/03/2010 16:50;1,4;9,2;1019,3;0;75,8;81;265;17,6;20;19,6
21/03/2010 16:51;2,7;9,2;1019,3;0;75,8;91;244;17,6;20;19,6
21/03/2010 16:52;2,7;9,2;1019,3;0;75,9;93;296;17,6;20;19,6
21/03/2010 16:53;1,1;9,2;1019,3;0;75,7;90;266;17,6;20;19,6
21/03/2010 16:54;2,5;9,2;1019,3;0;75,8;94;212;17,6;20;19,6
21/03/2010 16:55;1,1;9,2;1019,3;0;76;92;140;17,6;20;19,6
21/03/2010 16:56;3,4;9,2;1019,3;0;75,9;91;216;17,6;20;19,6
21/03/2010 16:57;2,3;9,2;1019,3;0;75,7;86;210;17,6;20;19,6
21/03/2010 16:58;1,2;9,2;1019,4;0;75,7;81;196;17,6;20;19,6
21/03/2010 16:59;1,8;9,2;1019,3;0;75,6;77;251;17,6;20;19,6
21/03/2010 17:00;3,1;9,2;1019,4;0;75,7;73;231;17,6;20;19,6
21/03/2010 17:01;0,9;9,2;1019,4;0;75,7;72;54;17,6;20;19,6
21/03/2010 17:02;0,8;9,2;1019,4;0;75,6;69;195;17,6;20;19,6
21/03/2010 17:03;0;9,2;1019,5;0;75,6;70;356;17,6;20;19,6
21/03/2010 17:04;3,8;9,2;1019,5;0;75,5;71;259;17,6;20;19,6
21/03/2010 17:05;3,7;9,2;1019,4;0;75,5;72;279;17,6;20;19,6
21/03/2010 17:06;1,6;9,2;1019,4;0;75,7;68;264;17,6;20;19,6
21/03/2010 17:07;1,4;9,2;1019,5;0;75,9;66;293;17,6;20;19,6
21/03/2010 17:08;1;9,2;1019,5;0;75,8;68;251;17,6;20;19,6
21/03/2010 17:09;2;9,2;1019,5;0;75,8;77;200;17,6;20;19,6
21/03/2010 17:10;2,6;9,2;1019,5;0;75,9;70;183;17,6;20;19,6
21/03/2010 17:11;1,8;9,2;1019,5;0;76;59;352;17,6;20;19,6
21/03/2010 17:12;3;9,2;1019,5;0;75,8;60;240;17,6;20;19,6
21/03/2010 17:13;3,1;9,2;1019,6;0;75,8;60;240;17,6;20;19,6
21/03/2010 17:14;0;9,2;1019,6;0;76;58;299;17,6;20;19,6
21/03/2010 17:15;2,2;9,2;1019,6;0;76,1;51;277;17,6;20;19,6
21/03/2010 17:16;2,8;9,2;1019,6;0;75,9;43;222;17,6;20;19,6
21/03/2010 17:17;3;9,2;1019,6;0;75,9;38;146;17,6;20;19,6
21/03/2010 17:18;2,7;9,2;1019,6;0;76;36;146;17,6;20;19,6
21/03/2010 17:19;1,7;9,2;1019,6;0;76,1;32;170;17,6;20;19,6
21/03/2010 17:20;0;9,2;1019,6;0;76,5;28;105;17,6;20;19,6
21/03/2010 17:21;1,7;9,2;1019,6;0;76,1;27;265;17,6;20;19,6
21/03/2010 17:22;1,7;9,2;1019,6;0;76,2;28;135;17,6;20;19,6
21/03/2010 17:23;1,2;9,2;1019,7;0;76,1;28;311;17,6;20;19,6
21/03/2010 17:24;1,3;9,2;1019,7;0;76,2;27;314;17,6;20;19,6
21/03/2010 17:25;3,3;9,2;1019,6;0;76;25;260;17,6;20;19,6
21/03/2010 17:26;0;9,2;1019,7;0;76,2;26;274;17,6;20;19,6
21/03/2010 17:27;3;9,2;1019,7;0;76,2;24;227;17,6;20;19,6
21/03/2010 17:28;0,9;9,2;1019,7;0;76,5;22;297;17,6;20;19,6
21/03/2010 17:29;0,8;9,2;1019,7;0;76,6;20;47;17,6;20;19,6
21/03/2010 17:30;0;9,2;1019,7;0;76,5;20;309;17,6;20;19,6
21/03/2010 17:31;0;9,2;1019,7;0;76,5;20;309;17,6;20;19,6
21/03/2010 17:32;1,7;9,2;1019,7;0;76,5;19;253;17,6;20;19,6
21/03/2010 17:33;0,6;9,2;1019,8;0;76,5;18;248;17,6;20;19,6
21/03/2010 17:34;0;9,2;1019,8;0;76,5;17;234;17,6;20;19,6
21/03/2010 17:35;0,6;9,2;1019,8;0;76,6;17;306;17,6;20;19,6
21/03/2010 17:36;0,5;9,2;1019,8;0;76,6;19;228;17,6;20;19,6
21/03/2010 17:37;3,2;9,2;1019,9;0;76,7;19;163;17,6;20;19,6
21/03/2010 17:38;1,8;9,2;1019,8;0;76,6;18;324;17,6;20;19,6
21/03/2010 17:39;1,4;9,2;1019,9;0;76,8;18;222;17,6;20;19,6
21/03/2010 17:40;1,8;9,2;1019,9;0;77,1;18;236;17,6;20;19,6
21/03/2010 17:41;0,5;9,2;1019,9;0;77,3;18;260;17,6;20;19,6
21/03/2010 17:42;0,6;9,2;1019,9;0;77,3;17;142;17,6;20;19,6
21/03/2010 17:43;2;9,2;1020;0;77,3;15;175;17,6;20;19,6
21/03/2010 17:44;0;9,2;1020;0;77,3;15;249;17,6;20;19,6
21/03/2010 17:45;0,7;9,2;1020;0;77,4;14;220;17,6;20;19,6
21/03/2010 17:46;1,6;9,2;1020;0;77,5;14;180;17,6;20;20
21/03/2010 17:47;1,1;9,2;1020;0;77,7;13;187;17,6;20;19,6
21/03/2010 17:48;2,1;9,2;1020;0;77,8;13;241;17,6;20;19,6
21/03/2010 17:49;1,9;9,2;1020,1;0;77,8;13;350;17,6;20;19,6
21/03/2010 17:50;3,8;9,2;1020;0;77,9;12;304;17,6;20;19,6
21/03/2010 17:51;1,3;9,2;1020;0;78,2;12;290;17,6;20;19,6
21/03/2010 17:52;1,4;9,2;1020;0;78,4;12;126;17,6;20;19,6
21/03/2010 17:53;1,1;9,2;1020,1;0;78,4;12;266;17,6;20;19,6
21/03/2010 17:54;3,8;9,2;1020,1;0;78,5;12;245;17,6;20;19,6
21/03/2010 17:55;2,2;9,2;1020,1;0;78,7;11;208;17,6;20;19,6
21/03/2010 17:56;1;9,2;1020,1;0;78,9;10;323;17,6;20;19,6
21/03/2010 17:57;0,8;9,2;1020,1;0;79,2;9;144;17,6;20;19,6
21/03/2010 17:58;1,3;9,2;1020,1;0;79,2;8;148;17,6;20;19,6
21/03/2010 17:59;1,9;9,2;1020,1;0;79,4;8;295;17,6;20;19,6
21/03/2010 18:00;0;9,2;1020,1;0;79,6;8;218;17,6;20;19,6
21/03/2010 18:01;0,9;9,2;1020,1;0;79,7;8;315;17,6;20;19,6
21/03/2010 18:02;2,9;9,2;1020,2;0;79,8;8;197;17,6;20;19,6
21/03/2010 18:03;2,5;9,2;1020,1;0;80;7;275;17,6;20;19,6
21/03/2010 18:04;1;9,2;1020,2;0;80,2;6;275;17,6;20;19,6
21/03/2010 18:05;2,5;9,2;1020,3;0;80,6;6;167;17,6;20;19,6
21/03/2010 18:06;1,9;9,2;1020,3;0;80,9;6;258;17,6;20;19,6
21/03/2010 18:07;1,8;9,2;1020,2;0;81,1;6;184;17,6;20;19,6
21/03/2010 18:08;1,7;8,8;1020,2;0;81,4;6;248;17,6;20;19,6
21/03/2010 18:09;1,4;8,8;1020,2;0;81,6;6;269;17,6;20;19,6
21/03/2010 18:10;1,1;8,8;1020,2;0;81,7;5;260;17,6;20;19,6
21/03/2010 18:11;0,9;8,8;1020,2;0;82,1;5;230;17,6;20;19,6
21/03/2010 18:12;2,1;8,8;1020,2;0;82,2;6;257;17,6;20;19,6
21/03/2010 18:13;1,2;8,8;1020,3;0;82,6;6;149;17,6;20;19,6
21/03/2010 18:14;1,4;8,8;1020,2;0;82,8;5;215;17,6;20;19,6
21/03/2010 18:15;0,7;8,8;1020,3;0;83;5;223;17,6;20;19,6
21/03/2010 18:16;2,6;8,8;1020,3;0;83,2;5;212;17,6;20;19,6
21/03/2010 18:17;1,5;8,8;1020,3;0;83,3;5;203;17,6;20;19,6
21/03/2010 18:18;2,8;8,8;1020,3;0;83,6;6;234;17,6;20;19,6
21/03/2010 18:19;1,2;8,8;1020,2;0;83,8;6;120;17,6;20;19,6
21/03/2010 18:20;2,8;8,8;1020,2;0;83,9;6;226;17,6;20;19,6
21/03/2010 18:21;1,1;8,8;1020,2;0;84,1;6;146;17,6;20;19,6
21/03/2010 18:22;1,3;8,8;1020,2;0;84,2;6;260;17,6;20;19,6
21/03/2010 18:23;1,9;8,8;1020,2;0;84,3;6;135;17,6;20;19,6
21/03/2010 18:24;1,2;8,8;1020,2;0;84,4;6;216;17,6;20;19,6
21/03/2010 18:25;1,8;8,8;1020,2;0;84,3;5;253;17,6;20;19,6
21/03/2010 18:26;2,1;8,8;1020,3;0;84,5;5;209;17,6;20;19,6
21/03/2010 18:27;1,9;8,8;1020,4;0;84,7;4;200;17,6;20;19,6
21/03/2010 18:28;1,1;8,8;1020,3;0;84,7;4;295;17,6;20;19,6
21/03/2010 18:29;0,8;8,8;1020,4;0;84,8;3;224;17,6;20;19,6
21/03/2010 18:30;3,9;8,8;1020,4;0;84,7;3;256;17,6;20;19,6
21/03/2010 18:31;3,9;8,4;1020,4;0;84,9;3;224;17,6;20;19,6
21/03/2010 18:32;0;8,4;1020,5;0;85;3;243;17,6;20;19,6
21/03/2010 18:33;0,8;8,4;1020,5;0;85,2;3;267;17,6;20;19,6
21/03/2010 18:34;1,2;8,4;1020,5;0;85,3;3;35;17,6;20;19,6
21/03/2010 18:35;2,2;8,4;1020,5;0;85,1;2;227;17,6;20;19,6
21/03/2010 18:36;1,9;8,4;1020,5;0;84,9;2;149;17,6;20;19,6
21/03/2010 18:37;2;8,4;1020,6;0;84,8;3;251;16,9;20;19,6
21/03/2010 18:38;2,6;8,4;1020,5;0;84,9;2;247;16,9;20;19,6
21/03/2010 18:39;0,9;8,4;1020,6;0;84,9;3;156;16,9;20;19,6
21/03/2010 18:40;3;8,4;1020,6;0;84,7;2;173;17,3;20;19,6
21/03/2010 18:41;1,9;8,4;1020,6;0;84,6;2;155;17,3;20;19,6
21/03/2010 18:42;1,6;8,4;1020,6;0;84,6;2;207;17,3;20;19,6
21/03/2010 18:43;0,9;8,4;1020,6;0;84,6;2;193;17,3;20;19,6
21/03/2010 18:44;3,4;8,4;1020,7;0;84,5;2;245;17,3;20;19,6
21/03/2010 18:45;0,9;8,4;1020,7;0;84,5;2;230;17,3;20;19,6
21/03/2010 18:46;2,4;8,4;1020,7;0;84,5;2;244;16,9;20;19,6
21/03/2010 18:47;2,5;8,4;1020,7;0;84,4;2;161;16,9;20;19,6
21/03/2010 18:48;2,1;8,4;1020,7;0;84,3;1;196;16,9;20;19,6
21/03/2010 18:49;0,5;8,4;1020,7;0;84,4;1;79;16,9;20;19,6
21/03/2010 18:50;1,2;8,4;1020,7;0;84,2;1;215;16,9;20;19,6
21/03/2010 18:51;1,4;8,4;1020,8;0;84,2;1;156;16,9;20;19,6
21/03/2010 18:52;1,8;8,4;1020,7;0;84;1;278;16,9;20;19,6
21/03/2010 18:53;0,8;8,4;1020,8;0;84;1;231;16,9;20;19,6
21/03/2010 18:54;3,4;8,4;1020,7;0;83,9;1;254;16,9;20;19,6
21/03/2010 18:55;1,6;8,4;1020,7;0;83,7;1;269;16,9;20;19,6
21/03/2010 18:56;1,3;8,4;1020,8;0;83,8;1;283;16,9;20;19,6
21/03/2010 18:57;0,7;8,4;1020,8;0;83,7;1;166;16,9;20;19,6
21/03/2010 18:58;0,5;8,4;1020,7;0;83,7;1;260;16,9;20;19,6
21/03/2010 18:59;0,6;8,4;1020,7;0;83,7;1;206;16,9;20;19,6
21/03/2010 19:00;2,5;8,4;1020,8;0;83,4;1;210;16,9;20;19,6
21/03/2010 19:01;0;8,4;1020,7;0;83,4;1;117;16,9;20;19,6
21/03/2010 19:02;2;8,4;1020,7;0;83,4;1;282;16,9;20;19,6
21/03/2010 19:03;1,2;8,4;1020,8;0;83,2;1;281;16,9;20;19,6
21/03/2010 19:04;1,3;8,4;1020,8;0;83,2;0;242;16,9;20;19,6
21/03/2010 19:05;1,6;8,4;1020,8;0;83,2;0;291;16,9;20;19,6
21/03/2010 19:06;2,4;8,4;1020,8;0;83,2;0;214;16,9;20;19,6
21/03/2010 19:07;2,9;8,4;1020,8;0;83,2;0;271;16,9;20;19,6
21/03/2010 19:08;1,4;8,4;1020,8;0;83,2;0;250;16,9;20;19,6
21/03/2010 19:09;1,9;8,4;1020,8;0;83,2;0;273;16,9;20;19,6
21/03/2010 19:10;3,5;8,4;1020,7;0;83;0;280;16,9;20;19,6
21/03/2010 19:11;1,2;8,4;1020,8;0;83,1;0;346;16,9;20;19,6
21/03/2010 19:12;0;8,4;1020,8;0;83,1;0;6;16,9;20;19,6
21/03/2010 19:13;0;8,4;1020,8;0;83,1;0;152;16,9;20;19,6
21/03/2010 19:14;0,9;8,4;1020,8;0;82,9;0;259;16,9;20;19,6
21/03/2010 19:15;2,1;8,4;1020,9;0;82,9;0;261;16,9;20;19,6
21/03/2010 19:16;0,5;8,4;1020,8;0;82,7;0;206;16,9;20;19,6
21/03/2010 19:17;1,4;8,4;1020,9;0;82,7;0;178;16,9;20;19,6
21/03/2010 19:18;1,3;8,4;1020,9;0;82,6;0;270;16,9;20;19,6
21/03/2010 19:19;2,8;8,4;1020,9;0;82,6;0;228;16,9;20;19,6
21/03/2010 19:20;2,4;8,4;1020,8;0;82,6;0;262;16,9;20;19,6
21/03/2010 19:21;0,6;8,4;1020,9;0;82,6;0;328;16,9;20;19,6
21/03/2010 19:22;0,9;8,4;1020,9;0;82,7;0;239;16,9;20;19,6
21/03/2010 19:23;0,8;8,4;1020,9;0;82,6;0;320;16,9;20;19,6
21/03/2010 19:24;2;8,4;1020,9;0;82,6;0;257;16,9;20;19,6
21/03/2010 19:25;2,1;8,4;1020,9;0;82,7;0;234;16,9;20;19,6
21/03/2010 19:26;1,8;8,4;1020,9;0;82,7;0;211;16,9;20;19,6
21/03/2010 19:27;0,5;8,4;1020,9;0;82,7;0;138;16,9;20;19,6
21/03/2010 19:28;1,3;8,4;1020,9;0;82,7;0;224;16,9;20;19,6
21/03/2010 19:29;1,3;8,4;1021;0;82,7;0;210;16,9;20;19,6
21/03/2010 19:30;0;8,4;1021;0;82,7;0;245;16,9;20;19,6
21/03/2010 19:31;0,9;8,4;1021;0;82,8;0;229;16,9;20;19,6
21/03/2010 19:32;0,7;8,4;1021;0;82,7;0;210;16,9;20;19,6
21/03/2010 19:33;2,2;8,4;1021;0;82,7;0;221;16,9;20;19,6
21/03/2010 19:34;0,9;8,4;1021;0;82,8;0;254;16,9;20;19,6
21/03/2010 19:35;0,9;8,4;1021;0;82,7;0;214;16,9;20;19,6
21/03/2010 19:36;1,5;8,4;1021;0;82,8;0;161;16,9;20;19,6
21/03/2010 19:37;1,3;8,4;1021;0;82,8;0;229;16,9;20;19,6
21/03/2010 19:38;1,2;8,4;1021;0;82,7;0;263;16,9;20;19,6
21/03/2010 19:39;2,1;8,4;1021,1;0;82,8;0;174;16,9;20;19,6
21/03/2010 19:40;0,8;8,4;1021,1;0;82,8;0;198;16,9;20;19,6
21/03/2010 19:41;2,1;8,4;1021,1;0;82,7;0;222;16,9;20;19,6
21/03/2010 19:42;2;8,4;1021,1;0;82,7;0;228;16,9;20;19,6
21/03/2010 19:43;2,1;8,4;1021,1;0;82,8;0;281;16,9;20;19,6
21/03/2010 19:44;1,1;8,4;1021,1;0;82,9;0;217;16,9;20;19,6
21/03/2010 19:45;1,4;8,4;1021,1;0;82,9;0;240;16,9;20;19,6
21/03/2010 19:46;2,8;8,4;1021,1;0;83;0;258;16,9;20;19,6
21/03/2010 19:47;3,3;8,4;1021,1;0;83;0;209;16,9;20;19,6
21/03/2010 19:48;0;8,4;1021,2;0;83,1;0;247;16,9;20;19,6
21/03/2010 19:49;1,9;8,4;1021,2;0;83,2;0;230;16,9;20;19,6
21/03/2010 19:50;2,1;8,4;1021,3;0;83,4;0;192;16,9;20;19,6
21/03/2010 19:51;1,5;8,4;1021,3;0;83,4;0;254;16,9;20;19,6
21/03/2010 19:52;1,1;8,4;1021,3;0;83,4;0;190;16,9;20;19,6
21/03/2010 19:53;0,6;8,4;1021,3;0;83,6;0;286;16,9;20;19,6
21/03/2010 19:54;1,6;8,4;1021,3;0;83,7;0;156;16,9;20;19,6
21/03/2010 19:55;2,1;8,4;1021,3;0;83,8;0;181;16,9;20;19,6
21/03/2010 19:56;0,6;8,4;1021,2;0;83,7;0;157;16,9;20;19,6
21/03/2010 19:57;1,5;8,4;1021,2;0;83,8;0;230;16,9;20;19,6
21/03/2010 19:58;0,8;8,4;1021,1;0;83,9;0;227;16,9;20;19,6
21/03/2010 19:59;1,1;8,4;1021,1;0;84;0;55;16,9;20;19,6
21/03/2010 20:00;0,9;8,4;1021,2;0;84;0;288;16,9;20;19,6
21/03/2010 20:01;2,8;8,4;1021,1;0;84,1;0;244;16,9;20;19,6
21/03/2010 20:02;1,9;8,4;1021,1;0;84,2;0;239;16,9;20;19,6
21/03/2010 20:03;2,1;8,4;1021,2;0;84,4;0;211;16,9;20;19,6
21/03/2010 20:04;2,5;8,4;1021,2;0;84,3;0;189;16,9;20;19,6
21/03/2010 20:05;3,3;8,4;1021,2;0;84,3;0;191;16,9;20;19,6
21/03/2010 20:06;0,7;8,4;1021,2;0;84,5;0;262;16,9;20;19,6
21/03/2010 20:07;2;8,4;1021,1;0;84,5;0;296;16,9;20;19,6
21/03/2010 20:08;2,1;8,4;1021,1;0;84,6;0;197;16,9;20;19,6
21/03/2010 20:09;1,2;8,4;1021,2;0;84,7;0;163;16,9;20;19,6
21/03/2010 20:10;0,7;8,4;1021,2;0;84,6;0;227;16,9;20;19,6
21/03/2010 20:11;1,3;8,4;1021,2;0;84,7;0;203;16,9;20;19,6
21/03/2010 20:12;1,9;8,4;1021,2;0;84,7;0;172;16,9;20;19,6
21/03/2010 20:13;2,8;8,4;1021,3;0;84,8;0;172;16,9;20;19,6
21/03/2010 20:14;1,6;8,4;1021,3;0;84,8;0;148;16,9;20;19,6
21/03/2010 20:15;3,1;8,4;1021,3;0;84,9;0;181;16,9;20;19,6
21/03/2010 20:16;2;8,4;1021,2;0;84,9;0;200;16,9;20;19,6
21/03/2010 20:17;1,1;8,4;1021,3;0;85;0;176;16,9;20;19,6
21/03/2010 20:18;2,1;8,4;1021,2;0;85;0;141;16,9;20;19,6
21/03/2010 20:19;0,9;8,4;1021,3;0;85;0;167;16,9;20;19,6
21/03/2010 20:20;1,5;8,4;1021,2;0;85;0;260;16,9;20;19,6
21/03/2010 20:21;1,1;8,4;1021,2;0;85;0;164;16,9;20;19,6
21/03/2010 20:22;2,3;8,4;1021,2;0;85;0;119;16,9;20;19,6
21/03/2010 20:23;1,6;8,4;1021,2;0;85;0;155;16,9;20;19,6
21/03/2010 20:24;2,2;8,4;1021,2;0;85,1;0;155;16,9;20;19,6
21/03/2010 20:25;0,8;8,4;1021,2;0;85,2;0;195;16,9;20;19,6
21/03/2010 20:26;1,6;8,4;1021,2;0;85,2;0;176;16,9;20;19,6
21/03/2010 20:27;2,4;8,4;1021,2;0;85,2;0;174;16,9;20;19,6
21/03/2010 20:28;2;8,4;1021,2;0;85,1;0;109;16,9;20;19,6
21/03/2010 20:29;3,9;8,4;1021,2;0;85,1;0;269;16,9;20;19,6
21/03/2010 20:30;1,5;8,4;1021,2;0;85,1;0;180;16,9;20;19,6
21/03/2010 20:31;1,8;8,4;1021,2;0;85;0;124;16,9;20;19,6
21/03/2010 20:32;3,7;8,4;1021,3;0;85,1;0;189;16,9;20;19,6
21/03/2010 20:33;1;8,4;1021,2;0;85,1;0;190;16,9;20;19,6
21/03/2010 20:34;0,8;8,4;1021,2;0;85,1;0;61;16,9;20;19,6
21/03/2010 20:35;2;8,4;1021,2;0;85;0;262;16,9;20;19,6
21/03/2010 20:36;2,2;8,4;1021,2;0;85,1;0;128;16,9;20;19,6
21/03/2010 20:37;0,9;8,4;1021,2;0;85,2;0;297;16,9;20;19,6
21/03/2010 20:38;0,7;8,4;1021,2;0;85,3;0;3;16,9;20;19,6
21/03/2010 20:39;1,9;8,4;1021,2;0;85,4;0;202;16,9;20;19,6
21/03/2010 20:40;2;8,4;1021,2;0;85,5;0;175;16,9;20;19,6
21/03/2010 20:41;1,5;8,4;1021,2;0;85,6;0;174;16,9;20;19,6
21/03/2010 20:42;2,3;8,4;1021,3;0;85,7;0;255;16,9;20;19,6
21/03/2010 20:43;2,2;8,4;1021,3;0;85,8;0;207;16,9;20;19,6
21/03/2010 20:44;0,8;8,4;1021,3;0;86;0;94;16,9;20;19,6
21/03/2010 20:45;3,6;8,4;1021,4;0;86,2;0;184;16,9;20;19,6
21/03/2010 20:46;1,4;8,4;1021,3;0;86,3;0;246;16,9;20;19,6
21/03/2010 20:47;0;8,4;1021,4;0;86,5;0;212;16,9;20;19,6
21/03/2010 20:48;0,6;8,4;1021,4;0;86,6;0;109;16,9;20;19,6
21/03/2010 20:49;0,7;8,4;1021,4;0;86,6;0;89;16,9;20;19,6
21/03/2010 20:50;1,4;8,4;1021,5;0;86,7;0;176;16,9;20;19,6
21/03/2010 20:51;0,5;8,4;1021,5;0;86,8;0;213;16,9;20;19,6
21/03/2010 20:52;0,6;8,4;1021,5;0;86,8;0;251;16,9;20;19,6
21/03/2010 20:53;1,5;8,4;1021,5;0;86,9;0;245;16,9;20;19,6
21/03/2010 20:54;2;8,4;1021,5;0;87;0;233;16,9;20;19,6
21/03/2010 20:55;0,6;8,4;1021,5;0;87;0;167;16,9;20;19,2
21/03/2010 20:56;2,6;8,4;1021,5;0;87,1;0;177;16,9;20;19,6
21/03/2010 20:57;0,5;8,4;1021,5;0;87,1;0;273;16,9;20;19,6
21/03/2010 20:58;1,3;8,4;1021,5;0;87,2;0;81;16,9;20;19,6
21/03/2010 20:59;0,8;8,4;1021,5;0;87,2;0;192;16,9;19,6;19,6
21/03/2010 21:00;1,4;8,4;1021,5;0;87;0;140;16,9;20;19,2
21/03/2010 21:01;0;8,4;1021,6;0;86,9;0;234;16,9;20;19,2
21/03/2010 21:02;1,2;8,4;1021,6;0;87;0;86;16,9;20;19,2
21/03/2010 21:03;1,9;8,4;1021,6;0;87;0;188;16,9;20;19,2
21/03/2010 21:04;2,2;8,4;1021,7;0;87;0;134;16,9;20;19,2
21/03/2010 21:05;2,9;8,4;1021,7;0;87,1;0;204;16,9;19,6;19,2
21/03/2010 21:06;1,8;8,4;1021,6;0;87,1;0;254;16,9;19,6;19,2
21/03/2010 21:07;1,2;8,4;1021,6;0;87,2;0;179;16,9;20;19,2
21/03/2010 21:08;1,9;8,4;1021,6;0;87,3;0;189;16,9;19,6;19,2
21/03/2010 21:09;0,9;8,4;1021,6;0;87,4;0;170;16,9;19,6;19,2
21/03/2010 21:10;1,5;8,4;1021,6;0;87,5;0;214;16,9;19,6;19,2
21/03/2010 21:11;0,8;8,4;1021,7;0;87,6;0;127;16,9;19,6;19,2
21/03/2010 21:12;0,7;8,4;1021,7;0;87,6;0;226;16,9;19,6;19,2
21/03/2010 21:13;0;8,4;1021,7;0;87,6;0;257;16,9;20;19,2
21/03/2010 21:14;1,2;8,4;1021,7;0;87,7;0;149;16,9;19,6;19,2
21/03/2010 21:15;0,5;8,4;1021,7;0;87,8;0;128;16,9;20;19,2
21/03/2010 21:16;1,5;8,4;1021,7;0;87,9;0;171;16,9;19,6;19,2
21/03/2010 21:17;3,2;8,4;1021,7;0;87,9;0;207;16,9;20;19,2
21/03/2010 21:18;1,4;8,4;1021,8;0;87,9;0;189;16,9;20;19,2
21/03/2010 21:19;3,6;8,4;1021,7;0;87,8;0;141;16,9;19,6;19,6
21/03/2010 21:20;0,9;8,4;1021,7;0;87,8;0;88;16,9;19,6;19,6
21/03/2010 21:21;2,5;8,4;1021,7;0;87,7;0;216;16,9;19,6;19,2
21/03/2010 21:22;1,2;8,4;1021,7;0;87,7;0;185;16,9;19,6;19,2
21/03/2010 21:23;1,6;8,4;1021,7;0;87,7;0;227;16,9;19,6;19,2
21/03/2010 21:24;1,7;8,4;1021,7;0;87,7;0;152;16,9;19,6;19,2
21/03/2010 21:25;0,6;8,4;1021,7;0;87,7;0;98;16,9;19,6;19,2
21/03/2010 21:26;0,8;8,4;1021,7;0;87,8;0;176;16,9;19,6;19,2
21/03/2010 21:27;1,5;8,4;1021,7;0;87,7;0;219;16,9;19,6;19,2
21/03/2010 21:28;0;8,4;1021,7;0;87,8;0;196;16,9;19,6;19,2
21/03/2010 21:29;0,7;8,4;1021,7;0;87,8;0;204;16,9;20;19,2
21/03/2010 21:30;0,5;8,4;1021,7;0;87,8;0;164;16,9;20;19,2
21/03/2010 21:31;1;8,4;1021,8;0;87,8;0;159;16,9;19,6;19,2
21/03/2010 21:32;1,3;8,4;1021,8;0;87,8;0;131;16,9;20;19,6
21/03/2010 21:33;0;8,4;1021,8;0;87,8;0;349;16,9;20;19,2
21/03/2010 21:34;0,9;8,4;1021,8;0;87,8;0;121;16,9;20;19,2
21/03/2010 21:35;0,7;8,4;1021,8;0;87,8;0;87;16,9;19,6;19,2
21/03/2010 21:36;1,2;8,4;1021,8;0;87,7;0;90;16,9;19,6;19,2
21/03/2010 21:37;2;8,4;1021,9;0;87,8;0;160;16,9;19,6;19,2
21/03/2010 21:38;1,2;8,4;1021,9;0;87,8;0;97;16,9;19,6;19,2
21/03/2010 21:39;0,6;8,4;1021,9;0;87,8;0;105;16,9;19,6;19,2
21/03/2010 21:40;0,5;8,4;1021,9;0;87,8;0;105;16,9;19,6;19,2
21/03/2010 21:41;0,9;8,4;1021,9;0;87,8;0;88;16,9;19,6;19,2
21/03/2010 21:42;0,9;8,4;1021,9;0;87,8;0;73;16,9;19,6;19,2
21/03/2010 21:43;0,8;8,4;1021,9;0;87,8;0;75;16,9;19,6;19,2
21/03/2010 21:44;1,1;8,4;1021,9;0;87,9;0;36;16,9;19,6;19,2
21/03/2010 21:45;0;8,4;1021,9;0;87,9;0;129;16,9;19,6;19,2
21/03/2010 21:46;0;8,4;1021,9;0;88;0;184;16,9;19,6;19,2
21/03/2010 21:47;0;8,4;1021,9;0;88;0;182;16,9;19,6;19,2
21/03/2010 21:48;0,6;8,4;1021,9;0;87,9;0;26;16,9;19,6;19,2
21/03/2010 21:49;0,7;8,4;1021,9;0;87,9;0;25;16,9;19,6;19,2
21/03/2010 21:50;0,7;8,4;1022;0;87,8;0;325;16,9;19,6;19,2
21/03/2010 21:51;0,8;8,4;1022;0;87,8;0;33;16,9;19,6;19,2
21/03/2010 21:52;0,5;8,4;1022;0;87,7;0;88;16,9;19,6;19,2
21/03/2010 21:53;0;8,4;1022;0;87,7;0;80;16,9;19,6;19,2
21/03/2010 21:54;0,6;8,4;1022;0;87,7;0;58;16,9;19,6;19,2
21/03/2010 21:55;0,6;8,4;1022;0;87,7;0;263;16,9;19,6;19,2
21/03/2010 21:56;0;8,4;1022;0;87,6;0;248;16,9;19,6;19,2
21/03/2010 21:57;1,2;8,4;1022;0;87,5;0;275;16,9;19,6;19,2
21/03/2010 21:58;0;8,4;1022;0;87,5;0;267;16,9;19,6;19,2
21/03/2010 21:59;0;8,4;1022;0;87,6;0;126;16,9;19,6;19,2
21/03/2010 22:00;0,5;8,4;1022;0;87,5;0;175;16,9;19,6;19,2
21/03/2010 22:01;0,6;8,4;1022;0;87,6;0;244;16,9;19,6;19,2
21/03/2010 22:02;0,6;8,4;1022;0;87,6;0;223;16,9;19,6;19,2
21/03/2010 22:03;0;8,4;1022;0;87,6;0;269;16,9;19,6;19,2
21/03/2010 22:04;1,2;8,4;1022;0;87,5;0;189;16,9;19,6;19,2
21/03/2010 22:05;0,8;8,4;1022;0;87,4;0;123;16,9;19,6;19,2
21/03/2010 22:06;0,7;8,4;1022;0;87,3;0;176;16,9;19,6;19,2
21/03/2010 22:07;0;8,4;1022;0;87,3;0;345;16,9;19,6;19,2
21/03/2010 22:08;1,3;8,4;1022;0;87,3;0;160;16,9;19,6;19,2
21/03/2010 22:09;1,1;8,4;1022;0;87,3;0;153;16,9;19,6;19,2
21/03/2010 22:10;1,1;8,4;1022;0;87,3;0;206;16,9;19,6;19,2
21/03/2010 22:11;0,9;8,4;1022;0;87,2;0;231;16,9;19,6;19,2
21/03/2010 22:12;1,3;8,4;1022;0;87,2;0;195;16,9;19,6;19,2
21/03/2010 22:13;1,7;8,4;1022;0;87,1;0;205;16,9;19,6;19,2
21/03/2010 22:14;1;8,4;1022;0;87,1;0;180;16,9;19,6;19,2
21/03/2010 22:15;0,5;8,4;1021,9;0;87,1;0;163;16,9;19,6;19,2
21/03/2010 22:16;0,7;8,4;1022;0;87,1;0;242;16,9;19,6;19,2
21/03/2010 22:17;0,9;8,4;1021,9;0;87,1;0;239;16,9;19,6;19,2
21/03/2010 22:18;0,9;8,4;1021,9;0;87,2;0;188;16,9;19,6;19,2
21/03/2010 22:19;0,8;8,4;1021,9;0;87,1;0;234;16,9;19,6;19,2
21/03/2010 22:20;0,5;8,4;1021,9;0;87,1;0;236;16,9;19,6;19,2
21/03/2010 22:21;1,3;8,4;1021,9;0;87;0;257;16,9;19,6;19,2
21/03/2010 22:22;1,3;8,4;1021,9;0;86,9;0;191;16,9;19,6;19,2
21/03/2010 22:23;1,1;8,4;1021,9;0;86,9;0;215;16,9;19,6;19,2
21/03/2010 22:24;2;8,4;1021,9;0;86,9;0;219;16,9;19,6;19,2
21/03/2010 22:25;2;8,4;1021,9;0;86,9;0;246;16,9;19,6;19,2
21/03/2010 22:26;1,2;8,4;1021,9;0;86,9;0;131;16,9;19,6;19,2
21/03/2010 22:27;1,2;8,4;1021,9;0;86,9;0;207;16,9;19,6;19,2
21/03/2010 22:28;1,2;8,4;1021,9;0;86,8;0;183;16,9;19,6;19,2
21/03/2010 22:29;1,6;8,4;1021,9;0;86,8;0;232;16,9;19,6;19,2
21/03/2010 22:30;1,4;8,4;1021,9;0;86,8;0;185;16,9;19,6;19,2
21/03/2010 22:31;1,5;8,4;1021,9;0;86,8;0;212;16,9;19,6;19,2
21/03/2010 22:32;2,1;8,4;1021,9;0;86,7;0;162;16,9;19,6;19,2
21/03/2010 22:33;1,5;8,4;1021,9;0;86,7;0;295;16,9;19,6;19,2
21/03/2010 22:34;1,6;8,4;1021,9;0;86,6;0;236;16,9;19,6;19,2
21/03/2010 22:35;1,1;8,4;1021,9;0;86,7;0;71;16,9;19,6;19,2
21/03/2010 22:36;0,5;8,4;1021,9;0;86,6;0;185;16,9;19,6;19,2
21/03/2010 22:37;2,8;8,4;1021,9;0;86,6;0;264;16,9;19,6;19,2
21/03/2010 22:38;0,8;8,4;1021,9;0;86,6;0;280;16,9;19,6;19,2
21/03/2010 22:39;0,8;8,4;1021,9;0;86,7;0;202;16,9;19,6;19,2
21/03/2010 22:40;1;8,4;1021,9;0;86,7;0;90;16,9;19,6;19,2
21/03/2010 22:41;0,5;8,4;1021,9;0;86,7;0;242;16,9;19,6;19,2
21/03/2010 22:42;0,7;8,4;1021,8;0;86,6;0;45;16,9;19,6;19,2
21/03/2010 22:43;1;8,4;1021,9;0;86,6;0;141;16,9;19,6;19,2
21/03/2010 22:44;0,7;8,4;1021,9;0;86,6;0;230;16,9;19,6;19,2
21/03/2010 22:45;1,1;8,4;1021,9;0;86,5;0;162;16,9;19,6;19,2
21/03/2010 22:46;1,5;8,4;1021,9;0;86,5;0;190;16,9;19,6;19,2
21/03/2010 22:47;3;8,4;1022;0;86,5;0;164;16,9;19,6;19,2
21/03/2010 22:48;0;8,4;1021,9;0;86,4;0;305;16,9;19,6;19,2
21/03/2010 22:49;0,8;8,4;1021,9;0;86,4;0;119;16,9;19,6;19,2
21/03/2010 22:50;1,7;8,4;1021,9;0;86,4;0;179;16,9;19,6;19,2
21/03/2010 22:51;0,5;8,4;1021,9;0;86,4;0;71;16,9;19,6;19,2
21/03/2010 22:52;2,3;8,4;1021,9;0;86,4;0;170;16,9;19,6;19,2
21/03/2010 22:53;0,8;8,4;1021,9;0;86,3;0;208;16,9;19,6;19,2
21/03/2010 22:54;1;8,4;1021,9;0;86,3;0;188;16,9;19,6;19,2
21/03/2010 22:55;1,2;8,4;1021,9;0;86,3;0;123;16,9;19,6;19,2
21/03/2010 22:56;1,1;8,4;1021,9;0;86,2;0;204;16,9;19,6;19,2
21/03/2010 22:57;2,1;8,4;1022;0;86,1;0;198;16,9;19,6;19,2
21/03/2010 22:58;0,9;8,4;1021,9;0;86;0;300;16,9;19,6;19,2
21/03/2010 22:59;2;8,4;1022;0;85,9;0;223;16,9;19,6;19,2
21/03/2010 23:00;1,1;8,4;1022;0;85,8;0;226;16,9;19,6;19,2
21/03/2010 23:01;1,2;8,4;1022;0;85,8;0;222;16,9;19,6;19,2
21/03/2010 23:02;0,8;8,4;1022;0;85,8;0;160;16,9;19,6;19,2
21/03/2010 23:03;0,7;8,4;1022;0;85,8;0;64;16,9;19,6;19,2
21/03/2010 23:04;1,1;8,4;1021,9;0;85,8;0;116;16,9;19,6;19,2
21/03/2010 23:05;1,5;8,4;1022;0;85,8;0;181;16,9;19,6;19,2
21/03/2010 23:06;0,5;8,4;1022;0;85,9;0;273;16,9;19,6;19,2
21/03/2010 23:07;0;8,4;1022;0;85,9;0;202;16,9;19,6;19,2
21/03/2010 23:08;1;8,4;1022;0;85,8;0;6;16,9;19,6;19,2
21/03/2010 23:09;0,7;8,4;1022;0;85,8;0;326;16,9;19,6;19,2
21/03/2010 23:10;0,9;8,4;1022;0;85,7;0;170;16,9;19,6;19,2
21/03/2010 23:11;0;8,4;1022;0;85,6;0;153;16,9;19,6;19,2
21/03/2010 23:12;1,1;8,4;1022;0;85,6;0;76;16,9;19,6;19,2
21/03/2010 23:13;0;8,4;1022;0;85,6;0;78;16,9;19,6;19,2
21/03/2010 23:14;0;8,4;1022;0;85,6;0;167;16,9;19,6;19,2
21/03/2010 23:15;0,6;8,4;1022;0;85,6;0;168;16,9;19,6;19,2
21/03/2010 23:16;1,2;8,4;1022,1;0;85,6;0;104;16,9;19,6;19,2
21/03/2010 23:17;1;8,4;1022,1;0;85,5;0;111;16,9;19,6;19,2
21/03/2010 23:18;0,7;8,4;1022,1;0;85,5;0;195;16,9;19,6;19,2
21/03/2010 23:19;1,1;8,4;1022,1;0;85,5;0;214;16,9;19,6;19,2
21/03/2010 23:20;0,7;8,4;1022,1;0;85,5;0;238;16,9;19,6;19,2
21/03/2010 23:21;0,5;8,4;1022,1;0;85,6;0;21;16,9;19,6;19,2
21/03/2010 23:22;0,6;8,4;1022,1;0;85,4;0;203;16,9;19,6;19,2
21/03/2010 23:23;0,8;8,4;1022,1;0;85,3;0;214;16,9;19,6;19,2
21/03/2010 23:24;1,5;8,4;1022,1;0;85,2;0;43;16,9;19,6;19,2
21/03/2010 23:25;0,9;8,4;1022,1;0;85,2;0;126;16,9;19,6;19,2
21/03/2010 23:26;0,8;8,4;1022,1;0;85,3;0;100;16,9;19,6;19,2
21/03/2010 23:27;0,5;8,4;1022;0;85,3;0;67;16,9;19,6;19,2
21/03/2010 23:28;1,4;8,4;1022;0;85,4;0;120;16,9;19,6;19,2
21/03/2010 23:29;0,9;8,4;1022;0;85,5;0;159;16,9;19,6;19,2
21/03/2010 23:30;1,6;8,4;1022;0;85,6;0;132;16,9;19,6;19,2
21/03/2010 23:31;1,1;8,4;1022,1;0;85,7;0;171;16,9;19,6;19,2
21/03/2010 23:32;0,8;8,4;1022,1;0;85,8;0;136;16,9;19,6;19,2
21/03/2010 23:33;0;8,4;1022,1;0;85,8;0;106;16,9;19,6;19,2
21/03/2010 23:34;0;8,4;1022,1;0;85,8;0;212;16,9;19,6;19,2
21/03/2010 23:35;0;8,4;1022,1;0;85,9;0;251;16,9;19,6;19,2
21/03/2010 23:36;0,8;8,4;1022,1;0;85,9;0;148;16,9;19,6;19,2
21/03/2010 23:37;0;8,4;1022,1;0;85,9;0;149;16,9;19,6;19,2
21/03/2010 23:38;0,5;8,4;1022,1;0;85,9;0;80;16,9;19,6;19,2
21/03/2010 23:39;0,8;8,4;1022,1;0;85,8;0;119;16,9;19,6;19,2
21/03/2010 23:40;0;8,4;1022,1;0;85,8;0;110;16,9;19,6;19,2
21/03/2010 23:41;0,6;8,4;1022,1;0;85,9;0;86;16,9;19,6;19,2
21/03/2010 23:42;0,7;8,4;1022,1;0;85,9;0;140;16,9;19,6;19,2
21/03/2010 23:43;0,7;8,4;1022,1;0;85,9;0;110;16,9;19,6;19,2
21/03/2010 23:44;0;8,4;1022,2;0;85,9;0;112;16,9;19,6;19,2
21/03/2010 23:45;0;8,4;1022,1;0;85,9;0;68;16,9;19,6;19,2
21/03/2010 23:46;0;8,4;1022,1;0;85,9;0;70;16,9;19,6;19,2
21/03/2010 23:47;0;8,4;1022,1;0;85,9;0;335;16,9;19,6;19,2
21/03/2010 23:48;0;8,4;1022,1;0;85,9;0;1;16,9;19,6;19,2
21/03/2010 23:49;0;8,4;1022,1;0;85,8;0;346;16,9;19,6;19,2
21/03/2010 23:50;0,5;8,4;1022,1;0;85,7;0;118;16,9;19,6;19,2
21/03/2010 23:51;0,9;8,4;1022,1;0;85,6;0;163;16,9;19,6;19,2
21/03/2010 23:52;0;8,4;1022,2;0;85,7;0;156;16,9;19,6;19,2
21/03/2010 23:53;0,6;8,4;1022,2;0;85,9;0;184;16,9;19,6;19,2
21/03/2010 23:54;0;8,4;1022,2;0;86;0;67;16,9;19,6;19,2
21/03/2010 23:55;0,9;8,4;1022,1;0;86,1;0;153;16,9;19,6;19,2
21/03/2010 23:56;1,3;8,4;1022,1;0;86,2;0;146;16,9;19,6;19,2
21/03/2010 23:57;1,3;8,4;1022,1;0;86,1;0;181;16,9;19,6;19,2
21/03/2010 23:58;1,2;8,4;1022,1;0;86,1;0;105;16,9;19,6;19,2
21/03/2010 23:59;0,8;8,4;1022,1;0;86,1;0;190;16,9;19,6;19,2
